Data,Nr setu,Nazwa zestawu,Seria LEGO,Najnizsza cena PLN,Liczba ofert,Kupilo ostatnio
2026-06-11,30731,Tom Nook and Flying Present (Polybag),Animal Crossing,,0,0
2026-06-11,77053,Stargazing with Celeste,Animal Crossing,,0,0
2026-06-11,77056,Blathers's Museum Collection,Animal Crossing,,0,0
2026-06-11,77058,Goldie's Cosy House,Animal Crossing,,0,0
2026-06-11,21060,Himeji Castle,Architecture,,0,0
2026-06-11,31216,Keith Haring - Dancing Figures,Art,,0,0
2026-06-11,11201,Playground Fun with Bluey and Chloe,Bluey,,0,0
2026-06-11,11202,Bluey's Beach & Family Car Trip,Bluey,,0,0
2026-06-11,30687,Bluey Tea Party (Polybag),Bluey,,0,0
2026-06-11,10345,Flower Arrangement,Botanical Collection,,0,0
2026-06-11,30701,Field Flowers,Botanical Collection,,0,0
2026-06-11,40725,Cherry Blossoms,Botanical Collection,,0,0
2026-06-11,40674,Stitch,BrickHeadz,,0,0
2026-06-11,40749,"Joy, Sadness & Anxiety",BrickHeadz,,0,0
2026-06-11,40752,"Carl, Russell, & Kevin",BrickHeadz,,0,0
2026-06-11,40791,The Goblet of Fire Figures,BrickHeadz,,0,0
2026-06-11,40795,Luke Skywalker (Rebel Pilot),BrickHeadz,,0,0
2026-06-11,40797,Eeyore,BrickHeadz,,0,0
2026-06-11,40801,"Mike, Dustin, Lucas and Will",BrickHeadz,,0,0
2026-06-11,40802,Luna Lovegood & Thestral Figures,BrickHeadz,,0,0
2026-06-11,40803,Optimus Prime Robot & Vehicle,BrickHeadz,,0,0
2026-06-11,40804,Bumblebee Robot & Vehicle,BrickHeadz,,0,0
2026-06-11,40879,"Eleven, Max, Demogorgon and Holly Figures",BrickHeadz,,0,0
2026-06-11,40881,Supply Llama & Fishstick Figures,BrickHeadz,,0,0
2026-06-11,40884,Drift & Raven Figures,BrickHeadz,,0,0
2026-06-11,40924,Megatron Robot & Vehicle,BrickHeadz,,0,0
2026-06-11,30719,Go-Kart Racer (Polybag),City,,0,0
2026-06-11,60312,Police Car,City,,0,0
2026-06-11,60316,Police Station,City,,0,0
2026-06-11,60337,Express Passenger Train,City,,0,0
2026-06-11,60400,Go-Karts and Race Drivers,City,,0,0
2026-06-11,60402,Monster Truck,City,,0,0
2026-06-11,60404,Burger Van,City,,0,0
2026-06-11,60407,Red Double-Decker Sightseeing Bus,City,,0,0
2026-06-11,60419,Police Prison Island,City,,0,0
2026-06-11,60423,Downtown Streetcat & Station,City,,0,0
2026-06-11,60430,Interstellar Spaceship,City,,0,0
2026-06-11,60445,F1 Truck with RB20 & AMR24 F1 Cars,City,,0,0
2026-06-11,60447,Off-Road Mountain Truck,City,,0,0
2026-06-11,60457,Custom Police Garage,City,,0,0
2026-06-11,60463,Fire Engine,City,,0,0
2026-06-11,60464,F1 Williams Racing & Haas F1 Race Cars,City,,0,0
2026-06-11,60465,Air Ambulance,City,,0,0
2026-06-11,60466,Bulldozer,City,,0,0
2026-06-11,60469,Central Train Station,City,,0,0
2026-06-11,60470,Explorer Train,City,,0,0
2026-06-11,60471,Arctic Truck,City,,0,0
2026-06-11,60482,Fire Engine Rides,City,,0,0
2026-06-11,60484,Gaming Car Rides,City,,0,0
2026-06-11,60489,Jet vs. Car,City,,0,0
2026-06-11,60490,Snowplough,City,,0,0
2026-06-11,60491,Motorcycle Transporter,City,,0,0
2026-06-11,60493,F1 Display Truck with Audi F1 Race Car,City,,0,0
2026-06-11,60495,Recycling Truck,City,,0,0
2026-06-11,60510,LEGO City Advent Calendar 2026,City,,0,0
2026-06-11,11040,Magical Transparent Box,Classic,,0,0
2026-06-11,30692,Christmas Chimney Fun with Santa (Polybag),Creator,,0,0
2026-06-11,30714,Orange Cat (Polybag),Creator,,0,0
2026-06-11,30715,Cute Animal Birthday Party (Polybag),Creator,,0,0
2026-06-11,30716,Cute Easter Bunny (Polybag),Creator,,0,0
2026-06-11,31136,Exotic Parrot,Creator,,0,0
2026-06-11,31148,Retro Roller Skate,Creator,,0,0
2026-06-11,31169,Typewriter with Flowers,Creator,,0,0
2026-06-11,31171,Majestic Rhino,Creator,,0,0
2026-06-11,31172,Record Player with Flowers,Creator,,0,0
2026-06-11,31174,Retro Telephone,Creator,,0,0
2026-06-11,31175,Unicorn Castle,Creator,,0,0
2026-06-11,31378,Space Exploration Telescope,Creator,,0,0
2026-06-11,40468,Yellow Taxi,Creator,,0,0
2026-06-11,30726,Batman: Bruce Wayne and the Batsuit (Polybag),DC,,0,0
2026-06-11,76303,Batman Tumbler vs. Two-Face & The Joker,DC,,0,0
2026-06-11,76304,Batman Forever Batmobile,DC,,0,0
2026-06-11,30720,Ariel and Flounder's Birthday Music Fun (Polybag),Disney,,0,0
2026-06-11,40708,Mini Disney Ariel's Castle,Disney,,0,0
2026-06-11,43217,'Up' House,Disney,,0,0
2026-06-11,43258,Kakamora Barge,Disney,,0,0
2026-06-11,43260,Moana's Island Fun,Disney,,0,0
2026-06-11,43262,Maleficent's and Cruella De Vil's Dresses,Disney,,0,0
2026-06-11,43263,Beauty and the Beast Castle,Disney,,0,0
2026-06-11,43264,Toy Story Celebration Train & RC Car,Disney,,0,0
2026-06-11,43265,Arendelle Frozen Castle,Disney,,0,0
2026-06-11,43267,Princess Castle & Royal Pets,Disney,,0,0
2026-06-11,43268,Lilo and Stitch Beach House,Disney,,0,0
2026-06-11,43270,Moana Adventure Canoe,Disney,,0,0
2026-06-11,43272,Heihei,Disney,,0,0
2026-06-11,43277,Cruella De Vil's Car,Disney,,0,0
2026-06-11,43278,Mini Arendelle Castle & Elsa's Ice Palace,Disney,,0,0
2026-06-11,43284,Mini Anna & Elsa,Disney,,0,0
2026-06-11,43285,Ariel's Magical Mini Palace,Disney,,0,0
2026-06-11,43291,Mini Belle & Tiana with Castle,Disney,,0,0
2026-06-11,43298,LEGO Disney Advent Calendar 2026,Disney,,0,0
2026-06-11,43303,Mini Jasmine & Rapunzel,Disney,,0,0
2026-06-11,71492,Mateo's Fire Chameleon,DREAMZzz,,0,0
2026-06-11,71499,Mateo's Spray Paint Truck,DREAMZzz,,0,0
2026-06-11,71500,Nightmare Shark Submarine,DREAMZzz,,0,0
2026-06-11,71508,Fox Guardian Mech,DREAMZzz,,0,0
2026-06-11,71512,Crocodile Submarine,DREAMZzz,,0,0
2026-06-11,71513,Nightmare Scorpion Digger,DREAMZzz,,0,0
2026-06-11,71514,Dino Jet,DREAMZzz,,0,0
2026-06-11,71515,Tiger Shark Tank,DREAMZzz,,0,0
2026-06-11,10412,Animal Train,Duplo,,0,0
2026-06-11,10441,Shape Sorter: Puppy House,Duplo,,0,0
2026-06-11,10442,Wild Animal Families: Penguins & Lions,Duplo,,0,0
2026-06-11,10443,First Time at the Airport,Duplo,,0,0
2026-06-11,10444,Creative Garden & Flowers,Duplo,,0,0
2026-06-11,10445,F1 Team Race Cars & Drivers,Duplo,,0,0
2026-06-11,10446,3in1 Wild Animal Families,Duplo,,0,0
2026-06-11,10448,3in1 Animals on Wheels,Duplo,,0,0
2026-06-11,10450,Hopsy's Castle Game,Duplo,,0,0
2026-06-11,10451,3in1 Dinosaurs on Wheels,Duplo,,0,0
2026-06-11,10452,Camping Trip,Duplo,,0,0
2026-06-11,10453,Funfair,Duplo,,0,0
2026-06-11,10455,Anna and Elsa's Frozen Castle Party,Duplo,,0,0
2026-06-11,10456,McQueen's Visit to Doc's Garage,Duplo,,0,0
2026-06-11,10458,Ice Cream Trip with Bluey,Duplo,,0,0
2026-06-11,10459,Bluey's Family House with Memory Game,Duplo,,0,0
2026-06-11,10461,Grandpa Pig's Garden and Greenhouse,Duplo,,0,0
2026-06-11,43033,2026 U.S. Soccer National Team Jersey,Editions,,0,0
2026-06-11,66818,Lionel Messi – Collector's Set,Editions,,0,0
2026-06-11,41843,Family Christmas Tree,Family,,0,0
2026-06-11,77075,Peely & Sparkplug's Camp,Fortnite,,0,0
2026-06-11,77076,Durrr Burger Restaurant,Fortnite,,0,0
2026-06-11,77077,Klombo,Fortnite,,0,0
2026-06-11,77078,Mecha Team Leader,Fortnite,,0,0
2026-06-11,30721,Flower Stand with Roses (Polybag),Friends,,0,0
2026-06-11,30722,Garden Bunny House (Polybag),Friends,,0,0
2026-06-11,42644,Heartlake City Ice Cream Shop,Friends,,0,0
2026-06-11,42648,Panda Sanctuary,Friends,,0,0
2026-06-11,42649,Heartlake City Sweet Shop,Friends,,0,0
2026-06-11,42650,Pet Accessories Shop,Friends,,0,0
2026-06-11,42659,Friendship Road-Trip Travel Car,Friends,,0,0
2026-06-11,42661,Costume Party,Friends,,0,0
2026-06-11,42663,Friendship Camper Van Adventure,Friends,,0,0
2026-06-11,42664,Travel Boat Adventure,Friends,,0,0
2026-06-11,42665,Puppy Playground,Friends,,0,0
2026-06-11,42666,Cat Birthday Party,Friends,,0,0
2026-06-11,42671,Plant Cafe & Flower Shop,Friends,,0,0
2026-06-11,42673,Family Holiday Beach Resort,Friends,,0,0
2026-06-11,42674,Comic Book and Game Shop,Friends,,0,0
2026-06-11,42677,Dog Treats Bakery,Friends,,0,0
2026-06-11,42678,Pet Accessories Van,Friends,,0,0
2026-06-11,42679,Heartlake City Bunny Hotel,Friends,,0,0
2026-06-11,42680,Heartlake City Mini Supermarket,Friends,,0,0
2026-06-11,42685,Heartlake City Fashion Show,Friends,,0,0
2026-06-11,42686,Fun Indoor Playground,Friends,,0,0
2026-06-11,42689,Heartlake City Friends Club House,Friends,,0,0
2026-06-11,42692,Ice Cream & Balloon Stand,Friends,,0,0
2026-06-11,42695,Horse & Baby Foal Trailer,Friends,,0,0
2026-06-11,42698,LEGO Friends Advent Calendar 2026,Friends,,0,0
2026-06-11,42699,Beach House with Seals,Friends,,0,0
2026-06-11,30724,Dumbledore's Office with Harry Potter (Polybag),Harry Potter,,0,0
2026-06-11,76437,The Burrow: Collectors' Edition,Harry Potter,,0,0
2026-06-11,76442,Hogwarts Castle: Charms Class,Harry Potter,,0,0
2026-06-11,76445,Hogwarts Castle: Herbology Class,Harry Potter,,0,0
2026-06-11,76447,Hogwarts Castle: Flying Lessons,Harry Potter,,0,0
2026-06-11,76449,Chomping Monster Book of Monsters,Harry Potter,,0,0
2026-06-11,76450,Book Nook: Hogwarts Express,Harry Potter,,0,0
2026-06-11,76451,Privet Drive: Aunt Marge's Visit,Harry Potter,,0,0
2026-06-11,76452,Quality Quidditch Supplies & Ice Cream Parlour,Harry Potter,,0,0
2026-06-11,76458,Thestral Family,Harry Potter,,0,0
2026-06-11,76467,Luna Lovegood's House,Harry Potter,,0,0
2026-06-11,76470,Enchanted Flying Ford Anglia,Harry Potter,,0,0
2026-06-11,77037,Aloy & Varl vs. Shell-Walker & Sawtooth,Horizon,,0,0
2026-06-11,10309,Succulents,Icons,,0,0
2026-06-11,10315,Tranquil Garden,Icons,,0,0
2026-06-11,10326,Natural History Museum,Icons,,0,0
2026-06-11,10335,The Endurance,Icons,,0,0
2026-06-11,10337,Lamborghini Countach 5000 Quattrovalvole,Icons,,0,0
2026-06-11,10340,Wreath,Icons,,0,0
2026-06-11,10341,NASA: Artemis Space Launch System,Icons,,0,0
2026-06-11,10351,Sherlock Holmes: Book Nook,Icons,,0,0
2026-06-11,10353,Williams Racing FW14B & Nigel Mansell,Icons,,0,0
2026-06-11,10363,Leonardo da Vinci's Flying Machine,Icons,,0,0
2026-06-11,10370,Poinsettia,Icons,,0,0
2026-06-11,40516,Everyone is Awesome,Icons,,0,0
2026-06-11,21323,Grand Piano,Ideas,,0,0
2026-06-11,21333,Vincent van Gogh - The Starry Night,Ideas,,0,0
2026-06-11,21345,Polaroid OneStep SX-70 Camera,Ideas,,0,0
2026-06-11,21351,Tim Burton's The Nightmare Before Christmas,Ideas,,0,0
2026-06-11,21353,The Botanical Garden,Ideas,,0,0
2026-06-11,21355,The Evolution of STEM,Ideas,,0,0
2026-06-11,21356,River Steamboat,Ideas,,0,0
2026-06-11,21360,Willy Wonka & the Chocolate Factory,Ideas,,0,0
2026-06-11,76969,Dinosaur Fossils: Triceratops Skull,Jurassic,,0,0
2026-06-11,76972,Raptor Off-Road Escape,Jurassic,,0,0
2026-06-11,76974,Brick-Built Mosasaurus Boat Mission,Jurassic,,0,0
2026-06-11,71440,Adventures with Interactive LEGO Luigi,Mario,,0,0
2026-06-11,71441,Adventures with Interactive LEGO Peach,Mario,,0,0
2026-06-11,72043,Interactive LEGO Mario & Standard Kart,Mario,,0,0
2026-06-11,72045,Shy Guy & P-Wing,Mario,,0,0
2026-06-11,11198,Spin and Electro Dinosaur Vehicle Chase,Marvel,,0,0
2026-06-11,11200,Spidey and Gobby's Raptor Battle at Tree House HQ,Marvel,,0,0
2026-06-11,11207,Spidey: Underwater Vehicles,Marvel,,0,0
2026-06-11,30725,Spider-Man vs. Anti-Venom Heist (Polybag),Marvel,,0,0
2026-06-11,76294,X-Men: The X-Mansion,Marvel,,0,0
2026-06-11,76307,Iron Man Mech vs. Ultron,Marvel,,0,0
2026-06-11,76308,Spider-Man Mech vs. Anti-Venom,Marvel,,0,0
2026-06-11,76309,Spider-Man vs. Venom Muscle Car,Marvel,,0,0
2026-06-11,76313,MARVEL Logo,Marvel,,0,0
2026-06-11,76315,Iron Man's Laboratory: Hall of Armor,Marvel,,0,0
2026-06-11,76316,Fantastic Four vs. Galactus Construction Figure,Marvel,,0,0
2026-06-11,76317,Peter Parker's Apartment,Marvel,,0,0
2026-06-11,76319,Captain America vs. Thanos,Marvel,,0,0
2026-06-11,76320,Iron Man & War Machine vs. Hammer Drones,Marvel,,0,0
2026-06-11,76321,Spider-Man vs. Doc Ock Subway Train Scene,Marvel,,0,0
2026-06-11,76322,Avengers: Endgame Thor vs. Chitauri,Marvel,,0,0
2026-06-11,76323,Avengers: Endgame Final Battle,Marvel,,0,0
2026-06-11,76324,Spider-Man vs. Oscorp,Marvel,,0,0
2026-06-11,76325,Avengers: Age of Ultron Quinjet,Marvel,,0,0
2026-06-11,76326,Iron Spider-Man Bust,Marvel,,0,0
2026-06-11,76327,Iron Man MK4 Bust,Marvel,,0,0
2026-06-11,76329,Miles Morales' Mask,Marvel,,0,0
2026-06-11,76340,LEGO Marvel Advent Calendar 2026,Marvel,,0,0
2026-06-11,21266,The Nether Lava Battle,Minecraft,,0,0
2026-06-11,21267,The Illager Desert Patrol,Minecraft,,0,0
2026-06-11,21268,The Baby Pig House,Minecraft,,0,0
2026-06-11,21269,The Armadillo Mine Expedition,Minecraft,,0,0
2026-06-11,21270,The Mooshroom House,Minecraft,,0,0
2026-06-11,21272,Woodland Mansion Fighting Ring,Minecraft,,0,0
2026-06-11,21273,The Ghast Balloon Village Attack,Minecraft,,0,0
2026-06-11,21274,The Warden Encounter,Minecraft,,0,0
2026-06-11,21275,The TNT Jungle House,Minecraft,,0,0
2026-06-11,21277,The Pickaxe Mine,Minecraft,,0,0
2026-06-11,21278,The Pillager Outpost and Ravager,Minecraft,,0,0
2026-06-11,21279,The Enderman Tower,Minecraft,,0,0
2026-06-11,21282,The Parrot Houses,Minecraft,,0,0
2026-06-11,21584,Nether & End Portal Journey,Minecraft,,0,0
2026-06-11,30732,Alex's Campfire Conflict (Polybag),Minecraft,,0,0
2026-06-11,40179,Personalised Mosaic Portrait,Miscellaneous,,0,0
2026-06-11,40504,A Minifigure Tribute,Miscellaneous,,0,0
2026-06-11,40743,Christmas Table Decoration,Miscellaneous,,0,0
2026-06-11,40805,Arcade Machine,Miscellaneous,,0,0
2026-06-11,40807,Birthday Numbers,Miscellaneous,,0,0
2026-06-11,40808,Easter Bunny And Chick Egg Hunt,Miscellaneous,,0,0
2026-06-11,40812,Snowman Ornaments,Miscellaneous,,0,0
2026-06-11,40814,Baby Elephant in the Sky,Miscellaneous,,0,0
2026-06-11,40815,Birthday Party Cake,Miscellaneous,,0,0
2026-06-11,40816,Decorative Easter Egg,Miscellaneous,,0,0
2026-06-11,40819,Up-Scaled Racing Driver Minifigure,Miscellaneous,,0,0
2026-06-11,40822,Jack-O'-Lantern Pickup Truck,Miscellaneous,,0,0
2026-06-11,40824,Sweetheart Tweety Bird,Miscellaneous,,0,0
2026-06-11,40955,Maersk Dual-Fuel Container Vessel,Miscellaneous,,0,0
2026-06-11,80118,Fortune Firecracker,Miscellaneous,,0,0
2026-06-11,80119,Galloping Horse Canvas,Miscellaneous,,0,0
2026-06-11,43010,Nike Slam Dunk,Nike,,0,0
2026-06-11,43021,Nike Dunk Trickshot,Nike,,0,0
2026-06-11,30700,Arin vs. Dragonian Battle (Polybag),Ninjago,,0,0
2026-06-11,30723,Cole's Car (Polybag),Ninjago,,0,0
2026-06-11,71780,Kai's Ninja Race Car EVO,Ninjago,,0,0
2026-06-11,71808,Kai's Elemental Fire Mech,Ninjago,,0,0
2026-06-11,71814,Tournament Temple City,Ninjago,,0,0
2026-06-11,71826,Dragon Spinjitzu Battle Pack,Ninjago,,0,0
2026-06-11,71827,Zane's Action Mech,Ninjago,,0,0
2026-06-11,71829,Lloyd's Green Forest Dragon,Ninjago,,0,0
2026-06-11,71830,Kai's Storm Rider Mech,Ninjago,,0,0
2026-06-11,71831,Ninja Spinjitzu Temple,Ninjago,,0,0
2026-06-11,71834,Zane's Ultra Combiner Mech,Ninjago,,0,0
2026-06-11,71836,Arc Dragon of Focus,Ninjago,,0,0
2026-06-11,71838,Kai's Motorcycle Speed Race,Ninjago,,0,0
2026-06-11,71839,Arin's Spinjitzu Battle Mech,Ninjago,,0,0
2026-06-11,71840,Rogue vs. Drix Race Car Duel,Ninjago,,0,0
2026-06-11,71846,The Fire Knight Mech,Ninjago,,0,0
2026-06-11,71847,The Guardian Dragon,Ninjago,,0,0
2026-06-11,71849,Nya vs. Mutation Monster Spinner,Ninjago,,0,0
2026-06-11,71850,Lloyd vs. Earth Monster Spinner,Ninjago,,0,0
2026-06-11,71854,Cole's Mission Mech,Ninjago,,0,0
2026-06-11,71856,Jay's Transforming Car,Ninjago,,0,0
2026-06-11,71857,Ninja Vehicle Tree House Battle,Ninjago,,0,0
2026-06-11,75636,Windmill Village Hut,One Piece,,0,0
2026-06-11,75637,Buggy the Clown's Circus Tent,One Piece,,0,0
2026-06-11,30733,Badnik: Skorp (Polybag),Sonic,,0,0
2026-06-11,77001,Sonic's Campfire Clash,Sonic,,0,0
2026-06-11,77002,Cyclone vs. Metal Sonic,Sonic,,0,0
2026-06-11,77005,Knuckles vs. Dr. Eggman Egg Crusher Mech,Sonic,,0,0
2026-06-11,77006,Team Sonic Command Truck,Sonic,,0,0
2026-06-11,77117,Sonic: Speedster Lightning,Sonic,,0,0
2026-06-11,77118,Silver's Car vs. Knuckles' Monster Truck,Sonic,,0,0
2026-06-11,30734,Mini F1 ACADEMY Car (Polybag),Speed Champions,,0,0
2026-06-11,76924,Mercedes-AMG G 63 & Mercedes-AMG SL 63,Speed Champions,,0,0
2026-06-11,77242,Ferrari SF-24 F1 Race Car,Speed Champions,,0,0
2026-06-11,77243,Oracle Red Bull Racing RB20 F1 Race Car,Speed Champions,,0,0
2026-06-11,77244,Mercedes-AMG PETRONAS W15 F1 Race Car,Speed Champions,,0,0
2026-06-11,77245,Aston Martin Aramco F1 AMR24 Race Car,Speed Champions,,0,0
2026-06-11,77246,Visa Cash App VCARB 01 F1 Race Car,Speed Champions,,0,0
2026-06-11,77248,BWT Alpine F1 Team A524 Race Car,Speed Champions,,0,0
2026-06-11,77249,Williams Racing FW46 F1 Race Car,Speed Champions,,0,0
2026-06-11,77250,MoneyGram Haas F1 Team VF-24 Race Car,Speed Champions,,0,0
2026-06-11,77251,McLaren MCL38 F1 Team Race Car,Speed Champions,,0,0
2026-06-11,77259,Audi Revolut F1 Team R26 Race Car,Speed Champions,,0,0
2026-06-11,30727,TIE Advanced (Polybag),Star Wars,,0,0
2026-06-11,30728,The Razor Crest (Polybag),Star Wars,,0,0
2026-06-11,75192,Millennium Falcon,Star Wars,,0,0
2026-06-11,75328,The Mandalorian Helmet,Star Wars,,0,0
2026-06-11,75367,Venator-class Republic Attack Cruiser,Star Wars,,0,0
2026-06-11,75372,Clone Trooper & Battle Droid Battle Pack,Star Wars,,0,0
2026-06-11,75382,TIE Interceptor,Star Wars,,0,0
2026-06-11,75389,The Dark Falcon,Star Wars,,0,0
2026-06-11,75397,Jabba's Sail Barge,Star Wars,,0,0
2026-06-11,75399,Rebel U-wing Starfighter,Star Wars,,0,0
2026-06-11,75400,Plo Koon's Jedi Starfighter Microfighter,Star Wars,,0,0
2026-06-11,75406,Kylo Ren's Command Shuttle,Star Wars,,0,0
2026-06-11,75410,Mando and Grogu's N-1 Starfighter,Star Wars,,0,0
2026-06-11,75412,Death Trooper & Night Trooper Battle Pack,Star Wars,,0,0
2026-06-11,75413,Republic Juggernaut,Star Wars,,0,0
2026-06-11,75414,The Force Burner Snowspeeder,Star Wars,,0,0
2026-06-11,75415,Kylo Ren Helmet,Star Wars,,0,0
2026-06-11,75428,Battle Droid with STAP,Star Wars,,0,0
2026-06-11,75429,AT-AT Driver Helmet,Star Wars,,0,0
2026-06-11,75430,Wicket the Ewok,Star Wars,,0,0
2026-06-11,75435,Battle of Felucia Separatist MTT,Star Wars,,0,0
2026-06-11,75456,LEGO Star Wars Advent Calendar 2026,Star Wars,,0,0
2026-06-11,30735,Hot Rod Car (Polybag),Technic,,0,0
2026-06-11,30736,White Seaplane (Polybag),Technic,,0,0
2026-06-11,42154,2022 Ford GT,Technic,,0,0
2026-06-11,42170,Kawasaki Ninja H2R,Technic,,0,0
2026-06-11,42171,Mercedes-AMG F1 W14 E Performance,Technic,,0,0
2026-06-11,42173,Koenigsegg Jesko Absolut Grey Hypercar,Technic,,0,0
2026-06-11,42175,Volvo FMX Truck & EC230 Electric Excavator,Technic,,0,0
2026-06-11,42176,Porsche GT4 e-Performance Race Car,Technic,,0,0
2026-06-11,42177,Mercedes-Benz G 500 PROFESSIONAL Line,Technic,,0,0
2026-06-11,42179,Planet Earth and Moon in Orbit,Technic,,0,0
2026-06-11,42197,Backhoe Loader,Technic,,0,0
2026-06-11,42198,Bush Plane,Technic,,0,0
2026-06-11,42199,Monster Jam DIGatron Pull-Back,Technic,,0,0
2026-06-11,42200,Monster Jam ThunderROARus Pull-Back,Technic,,0,0
2026-06-11,42201,Deep-Sea Research Submarine,Technic,,0,0
2026-06-11,42202,Ducati Panigale V4 S Motorcycle,Technic,,0,0
2026-06-11,42203,Tipping Dump Truck,Technic,,0,0
2026-06-11,42204,Fast & Furious Toyota Supra MK4,Technic,,0,0
2026-06-11,42205,Chevrolet Corvette Stingray (Yellow),Technic,,0,0
2026-06-11,42208,Aston Martin Valkyrie,Technic,,0,0
2026-06-11,42209,Volvo L120 Electric Wheel Loader,Technic,,0,0
2026-06-11,42215,Volvo EC500 Hybrid,Technic,,0,0
2026-06-11,42217,Chevrolet Corvette Stingray (Blue),Technic,,0,0
2026-06-11,42233,Mighty Machines Series 1,Technic,,0,0
2026-06-11,76784,Black Dahlia Flower,Wednesday,,0,0
2026-06-11,76786,Morticia's Cottage,Wednesday,,0,0
2026-06-11,75684,Welcome to Emerald City,Wicked,,0,0
2026-06-11,75685,Emerald City Wall Art,Wicked,,0,0
2026-06-12,30731,Tom Nook and Flying Present (Polybag),Animal Crossing,,0,0
2026-06-12,77053,Stargazing with Celeste,Animal Crossing,,0,0
2026-06-12,77056,Blathers's Museum Collection,Animal Crossing,,0,0
2026-06-12,77058,Goldie's Cosy House,Animal Crossing,,0,0
2026-06-12,21060,Himeji Castle,Architecture,,0,0
2026-06-12,31216,Keith Haring - Dancing Figures,Art,,0,0
2026-06-12,11201,Playground Fun with Bluey and Chloe,Bluey,,0,0
2026-06-12,11202,Bluey's Beach & Family Car Trip,Bluey,,0,0
2026-06-12,30687,Bluey Tea Party (Polybag),Bluey,,0,0
2026-06-12,10345,Flower Arrangement,Botanical Collection,,0,0
2026-06-12,30701,Field Flowers,Botanical Collection,,0,0
2026-06-12,40725,Cherry Blossoms,Botanical Collection,,0,0
2026-06-12,40674,Stitch,BrickHeadz,,0,0
2026-06-12,40749,"Joy, Sadness & Anxiety",BrickHeadz,,0,0
2026-06-12,40752,"Carl, Russell, & Kevin",BrickHeadz,,0,0
2026-06-12,40791,The Goblet of Fire Figures,BrickHeadz,,0,0
2026-06-12,40795,Luke Skywalker (Rebel Pilot),BrickHeadz,,0,0
2026-06-12,40797,Eeyore,BrickHeadz,,0,0
2026-06-12,40801,"Mike, Dustin, Lucas and Will",BrickHeadz,,0,0
2026-06-12,40802,Luna Lovegood & Thestral Figures,BrickHeadz,,0,0
2026-06-12,40803,Optimus Prime Robot & Vehicle,BrickHeadz,,0,0
2026-06-12,40804,Bumblebee Robot & Vehicle,BrickHeadz,,0,0
2026-06-12,40879,"Eleven, Max, Demogorgon and Holly Figures",BrickHeadz,,0,0
2026-06-12,40881,Supply Llama & Fishstick Figures,BrickHeadz,,0,0
2026-06-12,40884,Drift & Raven Figures,BrickHeadz,,0,0
2026-06-12,40924,Megatron Robot & Vehicle,BrickHeadz,,0,0
2026-06-12,30719,Go-Kart Racer (Polybag),City,,0,0
2026-06-12,60312,Police Car,City,,0,0
2026-06-12,60316,Police Station,City,,0,0
2026-06-12,60337,Express Passenger Train,City,,0,0
2026-06-12,60400,Go-Karts and Race Drivers,City,,0,0
2026-06-12,60402,Monster Truck,City,,0,0
2026-06-12,60404,Burger Van,City,,0,0
2026-06-12,60407,Red Double-Decker Sightseeing Bus,City,,0,0
2026-06-12,60419,Police Prison Island,City,,0,0
2026-06-12,60423,Downtown Streetcat & Station,City,,0,0
2026-06-12,60430,Interstellar Spaceship,City,,0,0
2026-06-12,60445,F1 Truck with RB20 & AMR24 F1 Cars,City,,0,0
2026-06-12,60447,Off-Road Mountain Truck,City,,0,0
2026-06-12,60457,Custom Police Garage,City,,0,0
2026-06-12,60463,Fire Engine,City,,0,0
2026-06-12,60464,F1 Williams Racing & Haas F1 Race Cars,City,,0,0
2026-06-12,60465,Air Ambulance,City,,0,0
2026-06-12,60466,Bulldozer,City,,0,0
2026-06-12,60469,Central Train Station,City,,0,0
2026-06-12,60470,Explorer Train,City,,0,0
2026-06-12,60471,Arctic Truck,City,,0,0
2026-06-12,60482,Fire Engine Rides,City,,0,0
2026-06-12,60484,Gaming Car Rides,City,,0,0
2026-06-12,60489,Jet vs. Car,City,,0,0
2026-06-12,60490,Snowplough,City,,0,0
2026-06-12,60491,Motorcycle Transporter,City,,0,0
2026-06-12,60493,F1 Display Truck with Audi F1 Race Car,City,,0,0
2026-06-12,60495,Recycling Truck,City,,0,0
2026-06-12,60510,LEGO City Advent Calendar 2026,City,,0,0
2026-06-12,11040,Magical Transparent Box,Classic,,0,0
2026-06-12,30692,Christmas Chimney Fun with Santa (Polybag),Creator,,0,0
2026-06-12,30714,Orange Cat (Polybag),Creator,,0,0
2026-06-12,30715,Cute Animal Birthday Party (Polybag),Creator,,0,0
2026-06-12,30716,Cute Easter Bunny (Polybag),Creator,,0,0
2026-06-12,31136,Exotic Parrot,Creator,,0,0
2026-06-12,31148,Retro Roller Skate,Creator,,0,0
2026-06-12,31169,Typewriter with Flowers,Creator,,0,0
2026-06-12,31171,Majestic Rhino,Creator,,0,0
2026-06-12,31172,Record Player with Flowers,Creator,,0,0
2026-06-12,31174,Retro Telephone,Creator,,0,0
2026-06-12,31175,Unicorn Castle,Creator,,0,0
2026-06-12,31378,Space Exploration Telescope,Creator,,0,0
2026-06-12,40468,Yellow Taxi,Creator,,0,0
2026-06-12,30726,Batman: Bruce Wayne and the Batsuit (Polybag),DC,,0,0
2026-06-12,76303,Batman Tumbler vs. Two-Face & The Joker,DC,,0,0
2026-06-12,76304,Batman Forever Batmobile,DC,,0,0
2026-06-12,30720,Ariel and Flounder's Birthday Music Fun (Polybag),Disney,,0,0
2026-06-12,40708,Mini Disney Ariel's Castle,Disney,,0,0
2026-06-12,43217,'Up' House,Disney,,0,0
2026-06-12,43258,Kakamora Barge,Disney,,0,0
2026-06-12,43260,Moana's Island Fun,Disney,,0,0
2026-06-12,43262,Maleficent's and Cruella De Vil's Dresses,Disney,,0,0
2026-06-12,43263,Beauty and the Beast Castle,Disney,,0,0
2026-06-12,43264,Toy Story Celebration Train & RC Car,Disney,,0,0
2026-06-12,43265,Arendelle Frozen Castle,Disney,,0,0
2026-06-12,43267,Princess Castle & Royal Pets,Disney,,0,0
2026-06-12,43268,Lilo and Stitch Beach House,Disney,,0,0
2026-06-12,43270,Moana Adventure Canoe,Disney,,0,0
2026-06-12,43272,Heihei,Disney,,0,0
2026-06-12,43277,Cruella De Vil's Car,Disney,,0,0
2026-06-12,43278,Mini Arendelle Castle & Elsa's Ice Palace,Disney,,0,0
2026-06-12,43284,Mini Anna & Elsa,Disney,,0,0
2026-06-12,43285,Ariel's Magical Mini Palace,Disney,,0,0
2026-06-12,43291,Mini Belle & Tiana with Castle,Disney,,0,0
2026-06-12,43298,LEGO Disney Advent Calendar 2026,Disney,,0,0
2026-06-12,43303,Mini Jasmine & Rapunzel,Disney,,0,0
2026-06-12,71492,Mateo's Fire Chameleon,DREAMZzz,,0,0
2026-06-12,71499,Mateo's Spray Paint Truck,DREAMZzz,,0,0
2026-06-12,71500,Nightmare Shark Submarine,DREAMZzz,,0,0
2026-06-12,71508,Fox Guardian Mech,DREAMZzz,,0,0
2026-06-12,71512,Crocodile Submarine,DREAMZzz,,0,0
2026-06-12,71513,Nightmare Scorpion Digger,DREAMZzz,,0,0
2026-06-12,71514,Dino Jet,DREAMZzz,,0,0
2026-06-12,71515,Tiger Shark Tank,DREAMZzz,,0,0
2026-06-12,10412,Animal Train,Duplo,,0,0
2026-06-12,10441,Shape Sorter: Puppy House,Duplo,,0,0
2026-06-12,10442,Wild Animal Families: Penguins & Lions,Duplo,,0,0
2026-06-12,10443,First Time at the Airport,Duplo,,0,0
2026-06-12,10444,Creative Garden & Flowers,Duplo,,0,0
2026-06-12,10445,F1 Team Race Cars & Drivers,Duplo,,0,0
2026-06-12,10446,3in1 Wild Animal Families,Duplo,,0,0
2026-06-12,10448,3in1 Animals on Wheels,Duplo,,0,0
2026-06-12,10450,Hopsy's Castle Game,Duplo,,0,0
2026-06-12,10451,3in1 Dinosaurs on Wheels,Duplo,,0,0
2026-06-12,10452,Camping Trip,Duplo,,0,0
2026-06-12,10453,Funfair,Duplo,,0,0
2026-06-12,10455,Anna and Elsa's Frozen Castle Party,Duplo,,0,0
2026-06-12,10456,McQueen's Visit to Doc's Garage,Duplo,,0,0
2026-06-12,10458,Ice Cream Trip with Bluey,Duplo,,0,0
2026-06-12,10459,Bluey's Family House with Memory Game,Duplo,,0,0
2026-06-12,10461,Grandpa Pig's Garden and Greenhouse,Duplo,,0,0
2026-06-12,43033,2026 U.S. Soccer National Team Jersey,Editions,,0,0
2026-06-12,66818,Lionel Messi – Collector's Set,Editions,,0,0
2026-06-12,41843,Family Christmas Tree,Family,,0,0
2026-06-12,77075,Peely & Sparkplug's Camp,Fortnite,,0,0
2026-06-12,77076,Durrr Burger Restaurant,Fortnite,,0,0
2026-06-12,77077,Klombo,Fortnite,,0,0
2026-06-12,77078,Mecha Team Leader,Fortnite,,0,0
2026-06-12,30721,Flower Stand with Roses (Polybag),Friends,,0,0
2026-06-12,30722,Garden Bunny House (Polybag),Friends,,0,0
2026-06-12,42644,Heartlake City Ice Cream Shop,Friends,,0,0
2026-06-12,42648,Panda Sanctuary,Friends,,0,0
2026-06-12,42649,Heartlake City Sweet Shop,Friends,,0,0
2026-06-12,42650,Pet Accessories Shop,Friends,,0,0
2026-06-12,42659,Friendship Road-Trip Travel Car,Friends,,0,0
2026-06-12,42661,Costume Party,Friends,,0,0
2026-06-12,42663,Friendship Camper Van Adventure,Friends,,0,0
2026-06-12,42664,Travel Boat Adventure,Friends,,0,0
2026-06-12,42665,Puppy Playground,Friends,,0,0
2026-06-12,42666,Cat Birthday Party,Friends,,0,0
2026-06-12,42671,Plant Cafe & Flower Shop,Friends,,0,0
2026-06-12,42673,Family Holiday Beach Resort,Friends,,0,0
2026-06-12,42674,Comic Book and Game Shop,Friends,,0,0
2026-06-12,42677,Dog Treats Bakery,Friends,,0,0
2026-06-12,42678,Pet Accessories Van,Friends,,0,0
2026-06-12,42679,Heartlake City Bunny Hotel,Friends,,0,0
2026-06-12,42680,Heartlake City Mini Supermarket,Friends,,0,0
2026-06-12,42685,Heartlake City Fashion Show,Friends,,0,0
2026-06-12,42686,Fun Indoor Playground,Friends,,0,0
2026-06-12,42689,Heartlake City Friends Club House,Friends,,0,0
2026-06-12,42692,Ice Cream & Balloon Stand,Friends,,0,0
2026-06-12,42695,Horse & Baby Foal Trailer,Friends,,0,0
2026-06-12,42698,LEGO Friends Advent Calendar 2026,Friends,,0,0
2026-06-12,42699,Beach House with Seals,Friends,,0,0
2026-06-12,30724,Dumbledore's Office with Harry Potter (Polybag),Harry Potter,,0,0
2026-06-12,76437,The Burrow: Collectors' Edition,Harry Potter,,0,0
2026-06-12,76442,Hogwarts Castle: Charms Class,Harry Potter,,0,0
2026-06-12,76445,Hogwarts Castle: Herbology Class,Harry Potter,,0,0
2026-06-12,76447,Hogwarts Castle: Flying Lessons,Harry Potter,,0,0
2026-06-12,76449,Chomping Monster Book of Monsters,Harry Potter,,0,0
2026-06-12,76450,Book Nook: Hogwarts Express,Harry Potter,,0,0
2026-06-12,76451,Privet Drive: Aunt Marge's Visit,Harry Potter,,0,0
2026-06-12,76452,Quality Quidditch Supplies & Ice Cream Parlour,Harry Potter,,0,0
2026-06-12,76458,Thestral Family,Harry Potter,,0,0
2026-06-12,76467,Luna Lovegood's House,Harry Potter,,0,0
2026-06-12,76470,Enchanted Flying Ford Anglia,Harry Potter,,0,0
2026-06-12,77037,Aloy & Varl vs. Shell-Walker & Sawtooth,Horizon,,0,0
2026-06-12,10309,Succulents,Icons,,0,0
2026-06-12,10315,Tranquil Garden,Icons,,0,0
2026-06-12,10326,Natural History Museum,Icons,,0,0
2026-06-12,10335,The Endurance,Icons,,0,0
2026-06-12,10337,Lamborghini Countach 5000 Quattrovalvole,Icons,,0,0
2026-06-12,10340,Wreath,Icons,,0,0
2026-06-12,10341,NASA: Artemis Space Launch System,Icons,,0,0
2026-06-12,10351,Sherlock Holmes: Book Nook,Icons,,0,0
2026-06-12,10353,Williams Racing FW14B & Nigel Mansell,Icons,,0,0
2026-06-12,10363,Leonardo da Vinci's Flying Machine,Icons,,0,0
2026-06-12,10370,Poinsettia,Icons,,0,0
2026-06-12,40516,Everyone is Awesome,Icons,,0,0
2026-06-12,21323,Grand Piano,Ideas,,0,0
2026-06-12,21333,Vincent van Gogh - The Starry Night,Ideas,,0,0
2026-06-12,21345,Polaroid OneStep SX-70 Camera,Ideas,,0,0
2026-06-12,21351,Tim Burton's The Nightmare Before Christmas,Ideas,,0,0
2026-06-12,21353,The Botanical Garden,Ideas,,0,0
2026-06-12,21355,The Evolution of STEM,Ideas,,0,0
2026-06-12,21356,River Steamboat,Ideas,,0,0
2026-06-12,21360,Willy Wonka & the Chocolate Factory,Ideas,,0,0
2026-06-12,76969,Dinosaur Fossils: Triceratops Skull,Jurassic,,0,0
2026-06-12,76972,Raptor Off-Road Escape,Jurassic,,0,0
2026-06-12,76974,Brick-Built Mosasaurus Boat Mission,Jurassic,,0,0
2026-06-12,71440,Adventures with Interactive LEGO Luigi,Mario,,0,0
2026-06-12,71441,Adventures with Interactive LEGO Peach,Mario,,0,0
2026-06-12,72043,Interactive LEGO Mario & Standard Kart,Mario,,0,0
2026-06-12,72045,Shy Guy & P-Wing,Mario,,0,0
2026-06-12,11198,Spin and Electro Dinosaur Vehicle Chase,Marvel,,0,0
2026-06-12,11200,Spidey and Gobby's Raptor Battle at Tree House HQ,Marvel,,0,0
2026-06-12,11207,Spidey: Underwater Vehicles,Marvel,,0,0
2026-06-12,30725,Spider-Man vs. Anti-Venom Heist (Polybag),Marvel,,0,0
2026-06-12,76294,X-Men: The X-Mansion,Marvel,,0,0
2026-06-12,76307,Iron Man Mech vs. Ultron,Marvel,,0,0
2026-06-12,76308,Spider-Man Mech vs. Anti-Venom,Marvel,,0,0
2026-06-12,76309,Spider-Man vs. Venom Muscle Car,Marvel,,0,0
2026-06-12,76313,MARVEL Logo,Marvel,,0,0
2026-06-12,76315,Iron Man's Laboratory: Hall of Armor,Marvel,,0,0
2026-06-12,76316,Fantastic Four vs. Galactus Construction Figure,Marvel,,0,0
2026-06-12,76317,Peter Parker's Apartment,Marvel,,0,0
2026-06-12,76319,Captain America vs. Thanos,Marvel,,0,0
2026-06-12,76320,Iron Man & War Machine vs. Hammer Drones,Marvel,,0,0
2026-06-12,76321,Spider-Man vs. Doc Ock Subway Train Scene,Marvel,,0,0
2026-06-12,76322,Avengers: Endgame Thor vs. Chitauri,Marvel,,0,0
2026-06-12,76323,Avengers: Endgame Final Battle,Marvel,,0,0
2026-06-12,76324,Spider-Man vs. Oscorp,Marvel,,0,0
2026-06-12,76325,Avengers: Age of Ultron Quinjet,Marvel,,0,0
2026-06-12,76326,Iron Spider-Man Bust,Marvel,,0,0
2026-06-12,76327,Iron Man MK4 Bust,Marvel,,0,0
2026-06-12,76329,Miles Morales' Mask,Marvel,,0,0
2026-06-12,76340,LEGO Marvel Advent Calendar 2026,Marvel,,0,0
2026-06-12,21266,The Nether Lava Battle,Minecraft,,0,0
2026-06-12,21267,The Illager Desert Patrol,Minecraft,,0,0
2026-06-12,21268,The Baby Pig House,Minecraft,,0,0
2026-06-12,21269,The Armadillo Mine Expedition,Minecraft,,0,0
2026-06-12,21270,The Mooshroom House,Minecraft,,0,0
2026-06-12,21272,Woodland Mansion Fighting Ring,Minecraft,,0,0
2026-06-12,21273,The Ghast Balloon Village Attack,Minecraft,,0,0
2026-06-12,21274,The Warden Encounter,Minecraft,,0,0
2026-06-12,21275,The TNT Jungle House,Minecraft,,0,0
2026-06-12,21277,The Pickaxe Mine,Minecraft,,0,0
2026-06-12,21278,The Pillager Outpost and Ravager,Minecraft,,0,0
2026-06-12,21279,The Enderman Tower,Minecraft,,0,0
2026-06-12,21282,The Parrot Houses,Minecraft,,0,0
2026-06-12,21584,Nether & End Portal Journey,Minecraft,,0,0
2026-06-12,30732,Alex's Campfire Conflict (Polybag),Minecraft,,0,0
2026-06-12,40179,Personalised Mosaic Portrait,Miscellaneous,,0,0
2026-06-12,40504,A Minifigure Tribute,Miscellaneous,,0,0
2026-06-12,40743,Christmas Table Decoration,Miscellaneous,,0,0
2026-06-12,40805,Arcade Machine,Miscellaneous,,0,0
2026-06-12,40807,Birthday Numbers,Miscellaneous,,0,0
2026-06-12,40808,Easter Bunny And Chick Egg Hunt,Miscellaneous,,0,0
2026-06-12,40812,Snowman Ornaments,Miscellaneous,,0,0
2026-06-12,40814,Baby Elephant in the Sky,Miscellaneous,,0,0
2026-06-12,40815,Birthday Party Cake,Miscellaneous,,0,0
2026-06-12,40816,Decorative Easter Egg,Miscellaneous,,0,0
2026-06-12,40819,Up-Scaled Racing Driver Minifigure,Miscellaneous,,0,0
2026-06-12,40822,Jack-O'-Lantern Pickup Truck,Miscellaneous,,0,0
2026-06-12,40824,Sweetheart Tweety Bird,Miscellaneous,,0,0
2026-06-12,40955,Maersk Dual-Fuel Container Vessel,Miscellaneous,,0,0
2026-06-12,80118,Fortune Firecracker,Miscellaneous,,0,0
2026-06-12,80119,Galloping Horse Canvas,Miscellaneous,,0,0
2026-06-12,43010,Nike Slam Dunk,Nike,,0,0
2026-06-12,43021,Nike Dunk Trickshot,Nike,,0,0
2026-06-12,30700,Arin vs. Dragonian Battle (Polybag),Ninjago,,0,0
2026-06-12,30723,Cole's Car (Polybag),Ninjago,,0,0
2026-06-12,71780,Kai's Ninja Race Car EVO,Ninjago,,0,0
2026-06-12,71808,Kai's Elemental Fire Mech,Ninjago,,0,0
2026-06-12,71814,Tournament Temple City,Ninjago,,0,0
2026-06-12,71826,Dragon Spinjitzu Battle Pack,Ninjago,,0,0
2026-06-12,71827,Zane's Action Mech,Ninjago,,0,0
2026-06-12,71829,Lloyd's Green Forest Dragon,Ninjago,,0,0
2026-06-12,71830,Kai's Storm Rider Mech,Ninjago,,0,0
2026-06-12,71831,Ninja Spinjitzu Temple,Ninjago,,0,0
2026-06-12,71834,Zane's Ultra Combiner Mech,Ninjago,,0,0
2026-06-12,71836,Arc Dragon of Focus,Ninjago,,0,0
2026-06-12,71838,Kai's Motorcycle Speed Race,Ninjago,,0,0
2026-06-12,71839,Arin's Spinjitzu Battle Mech,Ninjago,,0,0
2026-06-12,71840,Rogue vs. Drix Race Car Duel,Ninjago,,0,0
2026-06-12,71846,The Fire Knight Mech,Ninjago,,0,0
2026-06-12,71847,The Guardian Dragon,Ninjago,,0,0
2026-06-12,71849,Nya vs. Mutation Monster Spinner,Ninjago,,0,0
2026-06-12,71850,Lloyd vs. Earth Monster Spinner,Ninjago,,0,0
2026-06-12,71854,Cole's Mission Mech,Ninjago,,0,0
2026-06-12,71856,Jay's Transforming Car,Ninjago,,0,0
2026-06-12,71857,Ninja Vehicle Tree House Battle,Ninjago,,0,0
2026-06-12,75636,Windmill Village Hut,One Piece,,0,0
2026-06-12,75637,Buggy the Clown's Circus Tent,One Piece,,0,0
2026-06-12,30733,Badnik: Skorp (Polybag),Sonic,,0,0
2026-06-12,77001,Sonic's Campfire Clash,Sonic,,0,0
2026-06-12,77002,Cyclone vs. Metal Sonic,Sonic,,0,0
2026-06-12,77005,Knuckles vs. Dr. Eggman Egg Crusher Mech,Sonic,,0,0
2026-06-12,77006,Team Sonic Command Truck,Sonic,,0,0
2026-06-12,77117,Sonic: Speedster Lightning,Sonic,,0,0
2026-06-12,77118,Silver's Car vs. Knuckles' Monster Truck,Sonic,,0,0
2026-06-12,30734,Mini F1 ACADEMY Car (Polybag),Speed Champions,,0,0
2026-06-12,76924,Mercedes-AMG G 63 & Mercedes-AMG SL 63,Speed Champions,,0,0
2026-06-12,77242,Ferrari SF-24 F1 Race Car,Speed Champions,,0,0
2026-06-12,77243,Oracle Red Bull Racing RB20 F1 Race Car,Speed Champions,,0,0
2026-06-12,77244,Mercedes-AMG PETRONAS W15 F1 Race Car,Speed Champions,,0,0
2026-06-12,77245,Aston Martin Aramco F1 AMR24 Race Car,Speed Champions,,0,0
2026-06-12,77246,Visa Cash App VCARB 01 F1 Race Car,Speed Champions,,0,0
2026-06-12,77248,BWT Alpine F1 Team A524 Race Car,Speed Champions,,0,0
2026-06-12,77249,Williams Racing FW46 F1 Race Car,Speed Champions,,0,0
2026-06-12,77250,MoneyGram Haas F1 Team VF-24 Race Car,Speed Champions,,0,0
2026-06-12,77251,McLaren MCL38 F1 Team Race Car,Speed Champions,,0,0
2026-06-12,77259,Audi Revolut F1 Team R26 Race Car,Speed Champions,,0,0
2026-06-12,30727,TIE Advanced (Polybag),Star Wars,,0,0
2026-06-12,30728,The Razor Crest (Polybag),Star Wars,,0,0
2026-06-12,75192,Millennium Falcon,Star Wars,,0,0
2026-06-12,75328,The Mandalorian Helmet,Star Wars,,0,0
2026-06-12,75367,Venator-class Republic Attack Cruiser,Star Wars,,0,0
2026-06-12,75372,Clone Trooper & Battle Droid Battle Pack,Star Wars,,0,0
2026-06-12,75382,TIE Interceptor,Star Wars,,0,0
2026-06-12,75389,The Dark Falcon,Star Wars,,0,0
2026-06-12,75397,Jabba's Sail Barge,Star Wars,,0,0
2026-06-12,75399,Rebel U-wing Starfighter,Star Wars,,0,0
2026-06-12,75400,Plo Koon's Jedi Starfighter Microfighter,Star Wars,,0,0
2026-06-12,75406,Kylo Ren's Command Shuttle,Star Wars,,0,0
2026-06-12,75410,Mando and Grogu's N-1 Starfighter,Star Wars,,0,0
2026-06-12,75412,Death Trooper & Night Trooper Battle Pack,Star Wars,,0,0
2026-06-12,75413,Republic Juggernaut,Star Wars,,0,0
2026-06-12,75414,The Force Burner Snowspeeder,Star Wars,,0,0
2026-06-12,75415,Kylo Ren Helmet,Star Wars,,0,0
2026-06-12,75428,Battle Droid with STAP,Star Wars,,0,0
2026-06-12,75429,AT-AT Driver Helmet,Star Wars,,0,0
2026-06-12,75430,Wicket the Ewok,Star Wars,,0,0
2026-06-12,75435,Battle of Felucia Separatist MTT,Star Wars,,0,0
2026-06-12,75456,LEGO Star Wars Advent Calendar 2026,Star Wars,,0,0
2026-06-12,30735,Hot Rod Car (Polybag),Technic,,0,0
2026-06-12,30736,White Seaplane (Polybag),Technic,,0,0
2026-06-12,42154,2022 Ford GT,Technic,,0,0
2026-06-12,42170,Kawasaki Ninja H2R,Technic,,0,0
2026-06-12,42171,Mercedes-AMG F1 W14 E Performance,Technic,,0,0
2026-06-12,42173,Koenigsegg Jesko Absolut Grey Hypercar,Technic,,0,0
2026-06-12,42175,Volvo FMX Truck & EC230 Electric Excavator,Technic,,0,0
2026-06-12,42176,Porsche GT4 e-Performance Race Car,Technic,,0,0
2026-06-12,42177,Mercedes-Benz G 500 PROFESSIONAL Line,Technic,,0,0
2026-06-12,42179,Planet Earth and Moon in Orbit,Technic,,0,0
2026-06-12,42197,Backhoe Loader,Technic,,0,0
2026-06-12,42198,Bush Plane,Technic,,0,0
2026-06-12,42199,Monster Jam DIGatron Pull-Back,Technic,,0,0
2026-06-12,42200,Monster Jam ThunderROARus Pull-Back,Technic,,0,0
2026-06-12,42201,Deep-Sea Research Submarine,Technic,,0,0
2026-06-12,42202,Ducati Panigale V4 S Motorcycle,Technic,,0,0
2026-06-12,42203,Tipping Dump Truck,Technic,,0,0
2026-06-12,42204,Fast & Furious Toyota Supra MK4,Technic,,0,0
2026-06-12,42205,Chevrolet Corvette Stingray (Yellow),Technic,,0,0
2026-06-12,42208,Aston Martin Valkyrie,Technic,,0,0
2026-06-12,42209,Volvo L120 Electric Wheel Loader,Technic,,0,0
2026-06-12,42215,Volvo EC500 Hybrid,Technic,,0,0
2026-06-12,42217,Chevrolet Corvette Stingray (Blue),Technic,,0,0
2026-06-12,42233,Mighty Machines Series 1,Technic,,0,0
2026-06-12,76784,Black Dahlia Flower,Wednesday,,0,0
2026-06-12,76786,Morticia's Cottage,Wednesday,,0,0
2026-06-12,75684,Welcome to Emerald City,Wicked,,0,0
2026-06-12,75685,Emerald City Wall Art,Wicked,,0,0
2026-06-14,30731,Tom Nook and Flying Present (Polybag),Animal Crossing,,0,0
2026-06-14,77053,Stargazing with Celeste,Animal Crossing,,0,0
2026-06-14,77056,Blathers's Museum Collection,Animal Crossing,,0,0
2026-06-14,77058,Goldie's Cosy House,Animal Crossing,,0,0
2026-06-14,21060,Himeji Castle,Architecture,,0,0
2026-06-14,31216,Keith Haring - Dancing Figures,Art,,0,0
2026-06-14,11201,Playground Fun with Bluey and Chloe,Bluey,,0,0
2026-06-14,11202,Bluey's Beach & Family Car Trip,Bluey,,0,0
2026-06-14,30687,Bluey Tea Party (Polybag),Bluey,,0,0
2026-06-14,10345,Flower Arrangement,Botanical Collection,,0,0
2026-06-14,30701,Field Flowers,Botanical Collection,,0,0
2026-06-14,40725,Cherry Blossoms,Botanical Collection,,0,0
2026-06-14,40674,Stitch,BrickHeadz,,0,0
2026-06-14,40749,"Joy, Sadness & Anxiety",BrickHeadz,,0,0
2026-06-14,40752,"Carl, Russell, & Kevin",BrickHeadz,,0,0
2026-06-14,40791,The Goblet of Fire Figures,BrickHeadz,,0,0
2026-06-14,40795,Luke Skywalker (Rebel Pilot),BrickHeadz,,0,0
2026-06-14,40797,Eeyore,BrickHeadz,,0,0
2026-06-14,40801,"Mike, Dustin, Lucas and Will",BrickHeadz,,0,0
2026-06-14,40802,Luna Lovegood & Thestral Figures,BrickHeadz,,0,0
2026-06-14,40803,Optimus Prime Robot & Vehicle,BrickHeadz,,0,0
2026-06-14,40804,Bumblebee Robot & Vehicle,BrickHeadz,,0,0
2026-06-14,40879,"Eleven, Max, Demogorgon and Holly Figures",BrickHeadz,,0,0
2026-06-14,40881,Supply Llama & Fishstick Figures,BrickHeadz,,0,0
2026-06-14,40884,Drift & Raven Figures,BrickHeadz,,0,0
2026-06-14,40924,Megatron Robot & Vehicle,BrickHeadz,,0,0
2026-06-14,30719,Go-Kart Racer (Polybag),City,,0,0
2026-06-14,60312,Police Car,City,,0,0
2026-06-14,60316,Police Station,City,,0,0
2026-06-14,60337,Express Passenger Train,City,,0,0
2026-06-14,60400,Go-Karts and Race Drivers,City,,0,0
2026-06-14,60402,Monster Truck,City,,0,0
2026-06-14,60404,Burger Van,City,,0,0
2026-06-14,60407,Red Double-Decker Sightseeing Bus,City,,0,0
2026-06-14,60419,Police Prison Island,City,,0,0
2026-06-14,60423,Downtown Streetcat & Station,City,,0,0
2026-06-14,60430,Interstellar Spaceship,City,,0,0
2026-06-14,60445,F1 Truck with RB20 & AMR24 F1 Cars,City,,0,0
2026-06-14,60447,Off-Road Mountain Truck,City,,0,0
2026-06-14,60457,Custom Police Garage,City,,0,0
2026-06-14,60463,Fire Engine,City,,0,0
2026-06-14,60464,F1 Williams Racing & Haas F1 Race Cars,City,,0,0
2026-06-14,60465,Air Ambulance,City,,0,0
2026-06-14,60466,Bulldozer,City,,0,0
2026-06-14,60469,Central Train Station,City,,0,0
2026-06-14,60470,Explorer Train,City,,0,0
2026-06-14,60471,Arctic Truck,City,,0,0
2026-06-14,60482,Fire Engine Rides,City,,0,0
2026-06-14,60484,Gaming Car Rides,City,,0,0
2026-06-14,60489,Jet vs. Car,City,,0,0
2026-06-14,60490,Snowplough,City,,0,0
2026-06-14,60491,Motorcycle Transporter,City,,0,0
2026-06-14,60493,F1 Display Truck with Audi F1 Race Car,City,,0,0
2026-06-14,60495,Recycling Truck,City,,0,0
2026-06-14,60510,LEGO City Advent Calendar 2026,City,,0,0
2026-06-14,11040,Magical Transparent Box,Classic,,0,0
2026-06-14,30692,Christmas Chimney Fun with Santa (Polybag),Creator,,0,0
2026-06-14,30714,Orange Cat (Polybag),Creator,,0,0
2026-06-14,30715,Cute Animal Birthday Party (Polybag),Creator,,0,0
2026-06-14,30716,Cute Easter Bunny (Polybag),Creator,,0,0
2026-06-14,31136,Exotic Parrot,Creator,,0,0
2026-06-14,31148,Retro Roller Skate,Creator,,0,0
2026-06-14,31169,Typewriter with Flowers,Creator,,0,0
2026-06-14,31171,Majestic Rhino,Creator,,0,0
2026-06-14,31172,Record Player with Flowers,Creator,,0,0
2026-06-14,31174,Retro Telephone,Creator,,0,0
2026-06-14,31175,Unicorn Castle,Creator,,0,0
2026-06-14,31378,Space Exploration Telescope,Creator,,0,0
2026-06-14,40468,Yellow Taxi,Creator,,0,0
2026-06-14,30726,Batman: Bruce Wayne and the Batsuit (Polybag),DC,,0,0
2026-06-14,76303,Batman Tumbler vs. Two-Face & The Joker,DC,,0,0
2026-06-14,76304,Batman Forever Batmobile,DC,,0,0
2026-06-14,30720,Ariel and Flounder's Birthday Music Fun (Polybag),Disney,,0,0
2026-06-14,40708,Mini Disney Ariel's Castle,Disney,,0,0
2026-06-14,43217,'Up' House,Disney,,0,0
2026-06-14,43258,Kakamora Barge,Disney,,0,0
2026-06-14,43260,Moana's Island Fun,Disney,,0,0
2026-06-14,43262,Maleficent's and Cruella De Vil's Dresses,Disney,,0,0
2026-06-14,43263,Beauty and the Beast Castle,Disney,,0,0
2026-06-14,43264,Toy Story Celebration Train & RC Car,Disney,,0,0
2026-06-14,43265,Arendelle Frozen Castle,Disney,,0,0
2026-06-14,43267,Princess Castle & Royal Pets,Disney,,0,0
2026-06-14,43268,Lilo and Stitch Beach House,Disney,,0,0
2026-06-14,43270,Moana Adventure Canoe,Disney,,0,0
2026-06-14,43272,Heihei,Disney,,0,0
2026-06-14,43277,Cruella De Vil's Car,Disney,,0,0
2026-06-14,43278,Mini Arendelle Castle & Elsa's Ice Palace,Disney,,0,0
2026-06-14,43284,Mini Anna & Elsa,Disney,,0,0
2026-06-14,43285,Ariel's Magical Mini Palace,Disney,,0,0
2026-06-14,43291,Mini Belle & Tiana with Castle,Disney,,0,0
2026-06-14,43298,LEGO Disney Advent Calendar 2026,Disney,,0,0
2026-06-14,43303,Mini Jasmine & Rapunzel,Disney,,0,0
2026-06-14,71492,Mateo's Fire Chameleon,DREAMZzz,,0,0
2026-06-14,71499,Mateo's Spray Paint Truck,DREAMZzz,,0,0
2026-06-14,71500,Nightmare Shark Submarine,DREAMZzz,,0,0
2026-06-14,71508,Fox Guardian Mech,DREAMZzz,,0,0
2026-06-14,71512,Crocodile Submarine,DREAMZzz,,0,0
2026-06-14,71513,Nightmare Scorpion Digger,DREAMZzz,,0,0
2026-06-14,71514,Dino Jet,DREAMZzz,,0,0
2026-06-14,71515,Tiger Shark Tank,DREAMZzz,,0,0
2026-06-14,10412,Animal Train,Duplo,,0,0
2026-06-14,10441,Shape Sorter: Puppy House,Duplo,,0,0
2026-06-14,10442,Wild Animal Families: Penguins & Lions,Duplo,,0,0
2026-06-14,10443,First Time at the Airport,Duplo,,0,0
2026-06-14,10444,Creative Garden & Flowers,Duplo,,0,0
2026-06-14,10445,F1 Team Race Cars & Drivers,Duplo,,0,0
2026-06-14,10446,3in1 Wild Animal Families,Duplo,,0,0
2026-06-14,10448,3in1 Animals on Wheels,Duplo,,0,0
2026-06-14,10450,Hopsy's Castle Game,Duplo,,0,0
2026-06-14,10451,3in1 Dinosaurs on Wheels,Duplo,,0,0
2026-06-14,10452,Camping Trip,Duplo,,0,0
2026-06-14,10453,Funfair,Duplo,,0,0
2026-06-14,10455,Anna and Elsa's Frozen Castle Party,Duplo,,0,0
2026-06-14,10456,McQueen's Visit to Doc's Garage,Duplo,,0,0
2026-06-14,10458,Ice Cream Trip with Bluey,Duplo,,0,0
2026-06-14,10459,Bluey's Family House with Memory Game,Duplo,,0,0
2026-06-14,10461,Grandpa Pig's Garden and Greenhouse,Duplo,,0,0
2026-06-14,43033,2026 U.S. Soccer National Team Jersey,Editions,,0,0
2026-06-14,66818,Lionel Messi – Collector's Set,Editions,,0,0
2026-06-14,41843,Family Christmas Tree,Family,,0,0
2026-06-14,77075,Peely & Sparkplug's Camp,Fortnite,,0,0
2026-06-14,77076,Durrr Burger Restaurant,Fortnite,,0,0
2026-06-14,77077,Klombo,Fortnite,,0,0
2026-06-14,77078,Mecha Team Leader,Fortnite,,0,0
2026-06-14,30721,Flower Stand with Roses (Polybag),Friends,,0,0
2026-06-14,30722,Garden Bunny House (Polybag),Friends,,0,0
2026-06-14,42644,Heartlake City Ice Cream Shop,Friends,,0,0
2026-06-14,42648,Panda Sanctuary,Friends,,0,0
2026-06-14,42649,Heartlake City Sweet Shop,Friends,,0,0
2026-06-14,42650,Pet Accessories Shop,Friends,,0,0
2026-06-14,42659,Friendship Road-Trip Travel Car,Friends,,0,0
2026-06-14,42661,Costume Party,Friends,,0,0
2026-06-14,42663,Friendship Camper Van Adventure,Friends,,0,0
2026-06-14,42664,Travel Boat Adventure,Friends,,0,0
2026-06-14,42665,Puppy Playground,Friends,,0,0
2026-06-14,42666,Cat Birthday Party,Friends,,0,0
2026-06-14,42671,Plant Cafe & Flower Shop,Friends,,0,0
2026-06-14,42673,Family Holiday Beach Resort,Friends,,0,0
2026-06-14,42674,Comic Book and Game Shop,Friends,,0,0
2026-06-14,42677,Dog Treats Bakery,Friends,,0,0
2026-06-14,42678,Pet Accessories Van,Friends,,0,0
2026-06-14,42679,Heartlake City Bunny Hotel,Friends,,0,0
2026-06-14,42680,Heartlake City Mini Supermarket,Friends,,0,0
2026-06-14,42685,Heartlake City Fashion Show,Friends,,0,0
2026-06-14,42686,Fun Indoor Playground,Friends,,0,0
2026-06-14,42689,Heartlake City Friends Club House,Friends,,0,0
2026-06-14,42692,Ice Cream & Balloon Stand,Friends,,0,0
2026-06-14,42695,Horse & Baby Foal Trailer,Friends,,0,0
2026-06-14,42698,LEGO Friends Advent Calendar 2026,Friends,,0,0
2026-06-14,42699,Beach House with Seals,Friends,,0,0
2026-06-14,30724,Dumbledore's Office with Harry Potter (Polybag),Harry Potter,,0,0
2026-06-14,76437,The Burrow: Collectors' Edition,Harry Potter,,0,0
2026-06-14,76442,Hogwarts Castle: Charms Class,Harry Potter,,0,0
2026-06-14,76445,Hogwarts Castle: Herbology Class,Harry Potter,,0,0
2026-06-14,76447,Hogwarts Castle: Flying Lessons,Harry Potter,,0,0
2026-06-14,76449,Chomping Monster Book of Monsters,Harry Potter,,0,0
2026-06-14,76450,Book Nook: Hogwarts Express,Harry Potter,,0,0
2026-06-14,76451,Privet Drive: Aunt Marge's Visit,Harry Potter,,0,0
2026-06-14,76452,Quality Quidditch Supplies & Ice Cream Parlour,Harry Potter,,0,0
2026-06-14,76458,Thestral Family,Harry Potter,,0,0
2026-06-14,76467,Luna Lovegood's House,Harry Potter,,0,0
2026-06-14,76470,Enchanted Flying Ford Anglia,Harry Potter,,0,0
2026-06-14,77037,Aloy & Varl vs. Shell-Walker & Sawtooth,Horizon,,0,0
2026-06-14,10309,Succulents,Icons,,0,0
2026-06-14,10315,Tranquil Garden,Icons,,0,0
2026-06-14,10326,Natural History Museum,Icons,,0,0
2026-06-14,10335,The Endurance,Icons,,0,0
2026-06-14,10337,Lamborghini Countach 5000 Quattrovalvole,Icons,,0,0
2026-06-14,10340,Wreath,Icons,,0,0
2026-06-14,10341,NASA: Artemis Space Launch System,Icons,,0,0
2026-06-14,10351,Sherlock Holmes: Book Nook,Icons,,0,0
2026-06-14,10353,Williams Racing FW14B & Nigel Mansell,Icons,,0,0
2026-06-14,10363,Leonardo da Vinci's Flying Machine,Icons,,0,0
2026-06-14,10370,Poinsettia,Icons,,0,0
2026-06-14,40516,Everyone is Awesome,Icons,,0,0
2026-06-14,21323,Grand Piano,Ideas,,0,0
2026-06-14,21333,Vincent van Gogh - The Starry Night,Ideas,,0,0
2026-06-14,21345,Polaroid OneStep SX-70 Camera,Ideas,,0,0
2026-06-14,21351,Tim Burton's The Nightmare Before Christmas,Ideas,,0,0
2026-06-14,21353,The Botanical Garden,Ideas,,0,0
2026-06-14,21355,The Evolution of STEM,Ideas,,0,0
2026-06-14,21356,River Steamboat,Ideas,,0,0
2026-06-14,21360,Willy Wonka & the Chocolate Factory,Ideas,,0,0
2026-06-14,76969,Dinosaur Fossils: Triceratops Skull,Jurassic,,0,0
2026-06-14,76972,Raptor Off-Road Escape,Jurassic,,0,0
2026-06-14,76974,Brick-Built Mosasaurus Boat Mission,Jurassic,,0,0
2026-06-14,71440,Adventures with Interactive LEGO Luigi,Mario,,0,0
2026-06-14,71441,Adventures with Interactive LEGO Peach,Mario,,0,0
2026-06-14,72043,Interactive LEGO Mario & Standard Kart,Mario,,0,0
2026-06-14,72045,Shy Guy & P-Wing,Mario,,0,0
2026-06-14,11198,Spin and Electro Dinosaur Vehicle Chase,Marvel,,0,0
2026-06-14,11200,Spidey and Gobby's Raptor Battle at Tree House HQ,Marvel,,0,0
2026-06-14,11207,Spidey: Underwater Vehicles,Marvel,,0,0
2026-06-14,30725,Spider-Man vs. Anti-Venom Heist (Polybag),Marvel,,0,0
2026-06-14,76294,X-Men: The X-Mansion,Marvel,,0,0
2026-06-14,76307,Iron Man Mech vs. Ultron,Marvel,,0,0
2026-06-14,76308,Spider-Man Mech vs. Anti-Venom,Marvel,,0,0
2026-06-14,76309,Spider-Man vs. Venom Muscle Car,Marvel,,0,0
2026-06-14,76313,MARVEL Logo,Marvel,,0,0
2026-06-14,76315,Iron Man's Laboratory: Hall of Armor,Marvel,,0,0
2026-06-14,76316,Fantastic Four vs. Galactus Construction Figure,Marvel,,0,0
2026-06-14,76317,Peter Parker's Apartment,Marvel,,0,0
2026-06-14,76319,Captain America vs. Thanos,Marvel,,0,0
2026-06-14,76320,Iron Man & War Machine vs. Hammer Drones,Marvel,,0,0
2026-06-14,76321,Spider-Man vs. Doc Ock Subway Train Scene,Marvel,,0,0
2026-06-14,76322,Avengers: Endgame Thor vs. Chitauri,Marvel,,0,0
2026-06-14,76323,Avengers: Endgame Final Battle,Marvel,,0,0
2026-06-14,76324,Spider-Man vs. Oscorp,Marvel,,0,0
2026-06-14,76325,Avengers: Age of Ultron Quinjet,Marvel,,0,0
2026-06-14,76326,Iron Spider-Man Bust,Marvel,,0,0
2026-06-14,76327,Iron Man MK4 Bust,Marvel,,0,0
2026-06-14,76329,Miles Morales' Mask,Marvel,,0,0
2026-06-14,76340,LEGO Marvel Advent Calendar 2026,Marvel,,0,0
2026-06-14,21266,The Nether Lava Battle,Minecraft,,0,0
2026-06-14,21267,The Illager Desert Patrol,Minecraft,,0,0
2026-06-14,21268,The Baby Pig House,Minecraft,,0,0
2026-06-14,21269,The Armadillo Mine Expedition,Minecraft,,0,0
2026-06-14,21270,The Mooshroom House,Minecraft,,0,0
2026-06-14,21272,Woodland Mansion Fighting Ring,Minecraft,,0,0
2026-06-14,21273,The Ghast Balloon Village Attack,Minecraft,,0,0
2026-06-14,21274,The Warden Encounter,Minecraft,,0,0
2026-06-14,21275,The TNT Jungle House,Minecraft,,0,0
2026-06-14,21277,The Pickaxe Mine,Minecraft,,0,0
2026-06-14,21278,The Pillager Outpost and Ravager,Minecraft,,0,0
2026-06-14,21279,The Enderman Tower,Minecraft,,0,0
2026-06-14,21282,The Parrot Houses,Minecraft,,0,0
2026-06-14,21584,Nether & End Portal Journey,Minecraft,,0,0
2026-06-14,30732,Alex's Campfire Conflict (Polybag),Minecraft,,0,0
2026-06-14,40179,Personalised Mosaic Portrait,Miscellaneous,,0,0
2026-06-14,40504,A Minifigure Tribute,Miscellaneous,,0,0
2026-06-14,40743,Christmas Table Decoration,Miscellaneous,,0,0
2026-06-14,40805,Arcade Machine,Miscellaneous,,0,0
2026-06-14,40807,Birthday Numbers,Miscellaneous,,0,0
2026-06-14,40808,Easter Bunny And Chick Egg Hunt,Miscellaneous,,0,0
2026-06-14,40812,Snowman Ornaments,Miscellaneous,,0,0
2026-06-14,40814,Baby Elephant in the Sky,Miscellaneous,,0,0
2026-06-14,40815,Birthday Party Cake,Miscellaneous,,0,0
2026-06-14,40816,Decorative Easter Egg,Miscellaneous,,0,0
2026-06-14,40819,Up-Scaled Racing Driver Minifigure,Miscellaneous,,0,0
2026-06-14,40822,Jack-O'-Lantern Pickup Truck,Miscellaneous,,0,0
2026-06-14,40824,Sweetheart Tweety Bird,Miscellaneous,,0,0
2026-06-14,40955,Maersk Dual-Fuel Container Vessel,Miscellaneous,,0,0
2026-06-14,80118,Fortune Firecracker,Miscellaneous,,0,0
2026-06-14,80119,Galloping Horse Canvas,Miscellaneous,,0,0
2026-06-14,43010,Nike Slam Dunk,Nike,,0,0
2026-06-14,43021,Nike Dunk Trickshot,Nike,,0,0
2026-06-14,30700,Arin vs. Dragonian Battle (Polybag),Ninjago,,0,0
2026-06-14,30723,Cole's Car (Polybag),Ninjago,,0,0
2026-06-14,71780,Kai's Ninja Race Car EVO,Ninjago,,0,0
2026-06-14,71808,Kai's Elemental Fire Mech,Ninjago,,0,0
2026-06-14,71814,Tournament Temple City,Ninjago,,0,0
2026-06-14,71826,Dragon Spinjitzu Battle Pack,Ninjago,,0,0
2026-06-14,71827,Zane's Action Mech,Ninjago,,0,0
2026-06-14,71829,Lloyd's Green Forest Dragon,Ninjago,,0,0
2026-06-14,71830,Kai's Storm Rider Mech,Ninjago,,0,0
2026-06-14,71831,Ninja Spinjitzu Temple,Ninjago,,0,0
2026-06-14,71834,Zane's Ultra Combiner Mech,Ninjago,,0,0
2026-06-14,71836,Arc Dragon of Focus,Ninjago,,0,0
2026-06-14,71838,Kai's Motorcycle Speed Race,Ninjago,,0,0
2026-06-14,71839,Arin's Spinjitzu Battle Mech,Ninjago,,0,0
2026-06-14,71840,Rogue vs. Drix Race Car Duel,Ninjago,,0,0
2026-06-14,71846,The Fire Knight Mech,Ninjago,,0,0
2026-06-14,71847,The Guardian Dragon,Ninjago,,0,0
2026-06-14,71849,Nya vs. Mutation Monster Spinner,Ninjago,,0,0
2026-06-14,71850,Lloyd vs. Earth Monster Spinner,Ninjago,,0,0
2026-06-14,71854,Cole's Mission Mech,Ninjago,,0,0
2026-06-14,71856,Jay's Transforming Car,Ninjago,,0,0
2026-06-14,71857,Ninja Vehicle Tree House Battle,Ninjago,,0,0
2026-06-14,75636,Windmill Village Hut,One Piece,,0,0
2026-06-14,75637,Buggy the Clown's Circus Tent,One Piece,,0,0
2026-06-14,30733,Badnik: Skorp (Polybag),Sonic,,0,0
2026-06-14,77001,Sonic's Campfire Clash,Sonic,,0,0
2026-06-14,77002,Cyclone vs. Metal Sonic,Sonic,,0,0
2026-06-14,77005,Knuckles vs. Dr. Eggman Egg Crusher Mech,Sonic,,0,0
2026-06-14,77006,Team Sonic Command Truck,Sonic,,0,0
2026-06-14,77117,Sonic: Speedster Lightning,Sonic,,0,0
2026-06-14,77118,Silver's Car vs. Knuckles' Monster Truck,Sonic,,0,0
2026-06-14,30734,Mini F1 ACADEMY Car (Polybag),Speed Champions,,0,0
2026-06-14,76924,Mercedes-AMG G 63 & Mercedes-AMG SL 63,Speed Champions,,0,0
2026-06-14,77242,Ferrari SF-24 F1 Race Car,Speed Champions,,0,0
2026-06-14,77243,Oracle Red Bull Racing RB20 F1 Race Car,Speed Champions,,0,0
2026-06-14,77244,Mercedes-AMG PETRONAS W15 F1 Race Car,Speed Champions,,0,0
2026-06-14,77245,Aston Martin Aramco F1 AMR24 Race Car,Speed Champions,,0,0
2026-06-14,77246,Visa Cash App VCARB 01 F1 Race Car,Speed Champions,,0,0
2026-06-14,77248,BWT Alpine F1 Team A524 Race Car,Speed Champions,,0,0
2026-06-14,77249,Williams Racing FW46 F1 Race Car,Speed Champions,,0,0
2026-06-14,77250,MoneyGram Haas F1 Team VF-24 Race Car,Speed Champions,,0,0
2026-06-14,77251,McLaren MCL38 F1 Team Race Car,Speed Champions,,0,0
2026-06-14,77259,Audi Revolut F1 Team R26 Race Car,Speed Champions,,0,0
2026-06-14,30727,TIE Advanced (Polybag),Star Wars,,0,0
2026-06-14,30728,The Razor Crest (Polybag),Star Wars,,0,0
2026-06-14,75192,Millennium Falcon,Star Wars,,0,0
2026-06-14,75328,The Mandalorian Helmet,Star Wars,,0,0
2026-06-14,75367,Venator-class Republic Attack Cruiser,Star Wars,,0,0
2026-06-14,75372,Clone Trooper & Battle Droid Battle Pack,Star Wars,,0,0
2026-06-14,75382,TIE Interceptor,Star Wars,,0,0
2026-06-14,75389,The Dark Falcon,Star Wars,,0,0
2026-06-14,75397,Jabba's Sail Barge,Star Wars,,0,0
2026-06-14,75399,Rebel U-wing Starfighter,Star Wars,,0,0
2026-06-14,75400,Plo Koon's Jedi Starfighter Microfighter,Star Wars,,0,0
2026-06-14,75406,Kylo Ren's Command Shuttle,Star Wars,,0,0
2026-06-14,75410,Mando and Grogu's N-1 Starfighter,Star Wars,,0,0
2026-06-14,75412,Death Trooper & Night Trooper Battle Pack,Star Wars,,0,0
2026-06-14,75413,Republic Juggernaut,Star Wars,,0,0
2026-06-14,75414,The Force Burner Snowspeeder,Star Wars,,0,0
2026-06-14,75415,Kylo Ren Helmet,Star Wars,,0,0
2026-06-14,75428,Battle Droid with STAP,Star Wars,,0,0
2026-06-14,75429,AT-AT Driver Helmet,Star Wars,,0,0
2026-06-14,75430,Wicket the Ewok,Star Wars,,0,0
2026-06-14,75435,Battle of Felucia Separatist MTT,Star Wars,,0,0
2026-06-14,75456,LEGO Star Wars Advent Calendar 2026,Star Wars,,0,0
2026-06-14,30735,Hot Rod Car (Polybag),Technic,,0,0
2026-06-14,30736,White Seaplane (Polybag),Technic,,0,0
2026-06-14,42154,2022 Ford GT,Technic,,0,0
2026-06-14,42170,Kawasaki Ninja H2R,Technic,,0,0
2026-06-14,42171,Mercedes-AMG F1 W14 E Performance,Technic,,0,0
2026-06-14,42173,Koenigsegg Jesko Absolut Grey Hypercar,Technic,,0,0
2026-06-14,42175,Volvo FMX Truck & EC230 Electric Excavator,Technic,,0,0
2026-06-14,42176,Porsche GT4 e-Performance Race Car,Technic,,0,0
2026-06-14,42177,Mercedes-Benz G 500 PROFESSIONAL Line,Technic,,0,0
2026-06-14,42179,Planet Earth and Moon in Orbit,Technic,,0,0
2026-06-14,42197,Backhoe Loader,Technic,,0,0
2026-06-14,42198,Bush Plane,Technic,,0,0
2026-06-14,42199,Monster Jam DIGatron Pull-Back,Technic,,0,0
2026-06-14,42200,Monster Jam ThunderROARus Pull-Back,Technic,,0,0
2026-06-14,42201,Deep-Sea Research Submarine,Technic,,0,0
2026-06-14,42202,Ducati Panigale V4 S Motorcycle,Technic,,0,0
2026-06-14,42203,Tipping Dump Truck,Technic,,0,0
2026-06-14,42204,Fast & Furious Toyota Supra MK4,Technic,,0,0
2026-06-14,42205,Chevrolet Corvette Stingray (Yellow),Technic,,0,0
2026-06-14,42208,Aston Martin Valkyrie,Technic,,0,0
2026-06-14,42209,Volvo L120 Electric Wheel Loader,Technic,,0,0
2026-06-14,42215,Volvo EC500 Hybrid,Technic,,0,0
2026-06-14,42217,Chevrolet Corvette Stingray (Blue),Technic,,0,0
2026-06-14,42233,Mighty Machines Series 1,Technic,,0,0
2026-06-14,76784,Black Dahlia Flower,Wednesday,,0,0
2026-06-14,76786,Morticia's Cottage,Wednesday,,0,0
2026-06-14,75684,Welcome to Emerald City,Wicked,,0,0
2026-06-14,75685,Emerald City Wall Art,Wicked,,0,0
2026-06-15,30731,Tom Nook and Flying Present (Polybag),Animal Crossing,,0,0
2026-06-15,77053,Stargazing with Celeste,Animal Crossing,,0,0
2026-06-15,77056,Blathers's Museum Collection,Animal Crossing,,0,0
2026-06-15,77058,Goldie's Cosy House,Animal Crossing,,0,0
2026-06-15,21060,Himeji Castle,Architecture,,0,0
2026-06-15,31216,Keith Haring - Dancing Figures,Art,,0,0
2026-06-15,11201,Playground Fun with Bluey and Chloe,Bluey,,0,0
2026-06-15,11202,Bluey's Beach & Family Car Trip,Bluey,,0,0
2026-06-15,30687,Bluey Tea Party (Polybag),Bluey,,0,0
2026-06-15,10345,Flower Arrangement,Botanical Collection,,0,0
2026-06-15,30701,Field Flowers,Botanical Collection,,0,0
2026-06-15,40725,Cherry Blossoms,Botanical Collection,,0,0
2026-06-15,40674,Stitch,BrickHeadz,,0,0
2026-06-15,40749,"Joy, Sadness & Anxiety",BrickHeadz,,0,0
2026-06-15,40752,"Carl, Russell, & Kevin",BrickHeadz,,0,0
2026-06-15,40791,The Goblet of Fire Figures,BrickHeadz,,0,0
2026-06-15,40795,Luke Skywalker (Rebel Pilot),BrickHeadz,,0,0
2026-06-15,40797,Eeyore,BrickHeadz,,0,0
2026-06-15,40801,"Mike, Dustin, Lucas and Will",BrickHeadz,,0,0
2026-06-15,40802,Luna Lovegood & Thestral Figures,BrickHeadz,,0,0
2026-06-15,40803,Optimus Prime Robot & Vehicle,BrickHeadz,,0,0
2026-06-15,40804,Bumblebee Robot & Vehicle,BrickHeadz,,0,0
2026-06-15,40879,"Eleven, Max, Demogorgon and Holly Figures",BrickHeadz,,0,0
2026-06-15,40881,Supply Llama & Fishstick Figures,BrickHeadz,,0,0
2026-06-15,40884,Drift & Raven Figures,BrickHeadz,,0,0
2026-06-15,40924,Megatron Robot & Vehicle,BrickHeadz,,0,0
2026-06-15,30719,Go-Kart Racer (Polybag),City,,0,0
2026-06-15,60312,Police Car,City,,0,0
2026-06-15,60316,Police Station,City,,0,0
2026-06-15,60337,Express Passenger Train,City,,0,0
2026-06-15,60400,Go-Karts and Race Drivers,City,,0,0
2026-06-15,60402,Monster Truck,City,,0,0
2026-06-15,60404,Burger Van,City,,0,0
2026-06-15,60407,Red Double-Decker Sightseeing Bus,City,,0,0
2026-06-15,60419,Police Prison Island,City,,0,0
2026-06-15,60423,Downtown Streetcat & Station,City,,0,0
2026-06-15,60430,Interstellar Spaceship,City,,0,0
2026-06-15,60445,F1 Truck with RB20 & AMR24 F1 Cars,City,,0,0
2026-06-15,60447,Off-Road Mountain Truck,City,,0,0
2026-06-15,60457,Custom Police Garage,City,,0,0
2026-06-15,60463,Fire Engine,City,,0,0
2026-06-15,60464,F1 Williams Racing & Haas F1 Race Cars,City,,0,0
2026-06-15,60465,Air Ambulance,City,,0,0
2026-06-15,60466,Bulldozer,City,,0,0
2026-06-15,60469,Central Train Station,City,,0,0
2026-06-15,60470,Explorer Train,City,,0,0
2026-06-15,60471,Arctic Truck,City,,0,0
2026-06-15,60482,Fire Engine Rides,City,,0,0
2026-06-15,60484,Gaming Car Rides,City,,0,0
2026-06-15,60489,Jet vs. Car,City,,0,0
2026-06-15,60490,Snowplough,City,,0,0
2026-06-15,60491,Motorcycle Transporter,City,,0,0
2026-06-15,60493,F1 Display Truck with Audi F1 Race Car,City,,0,0
2026-06-15,60495,Recycling Truck,City,,0,0
2026-06-15,60510,LEGO City Advent Calendar 2026,City,,0,0
2026-06-15,11040,Magical Transparent Box,Classic,,0,0
2026-06-15,30692,Christmas Chimney Fun with Santa (Polybag),Creator,,0,0
2026-06-15,30714,Orange Cat (Polybag),Creator,,0,0
2026-06-15,30715,Cute Animal Birthday Party (Polybag),Creator,,0,0
2026-06-15,30716,Cute Easter Bunny (Polybag),Creator,,0,0
2026-06-15,31136,Exotic Parrot,Creator,,0,0
2026-06-15,31148,Retro Roller Skate,Creator,,0,0
2026-06-15,31169,Typewriter with Flowers,Creator,,0,0
2026-06-15,31171,Majestic Rhino,Creator,,0,0
2026-06-15,31172,Record Player with Flowers,Creator,,0,0
2026-06-15,31174,Retro Telephone,Creator,,0,0
2026-06-15,31175,Unicorn Castle,Creator,,0,0
2026-06-15,31378,Space Exploration Telescope,Creator,,0,0
2026-06-15,40468,Yellow Taxi,Creator,,0,0
2026-06-15,30726,Batman: Bruce Wayne and the Batsuit (Polybag),DC,,0,0
2026-06-15,76303,Batman Tumbler vs. Two-Face & The Joker,DC,,0,0
2026-06-15,76304,Batman Forever Batmobile,DC,,0,0
2026-06-15,30720,Ariel and Flounder's Birthday Music Fun (Polybag),Disney,,0,0
2026-06-15,40708,Mini Disney Ariel's Castle,Disney,,0,0
2026-06-15,43217,'Up' House,Disney,,0,0
2026-06-15,43258,Kakamora Barge,Disney,,0,0
2026-06-15,43260,Moana's Island Fun,Disney,,0,0
2026-06-15,43262,Maleficent's and Cruella De Vil's Dresses,Disney,,0,0
2026-06-15,43263,Beauty and the Beast Castle,Disney,,0,0
2026-06-15,43264,Toy Story Celebration Train & RC Car,Disney,,0,0
2026-06-15,43265,Arendelle Frozen Castle,Disney,,0,0
2026-06-15,43267,Princess Castle & Royal Pets,Disney,,0,0
2026-06-15,43268,Lilo and Stitch Beach House,Disney,,0,0
2026-06-15,43270,Moana Adventure Canoe,Disney,,0,0
2026-06-15,43272,Heihei,Disney,,0,0
2026-06-15,43277,Cruella De Vil's Car,Disney,,0,0
2026-06-15,43278,Mini Arendelle Castle & Elsa's Ice Palace,Disney,,0,0
2026-06-15,43284,Mini Anna & Elsa,Disney,,0,0
2026-06-15,43285,Ariel's Magical Mini Palace,Disney,,0,0
2026-06-15,43291,Mini Belle & Tiana with Castle,Disney,,0,0
2026-06-15,43298,LEGO Disney Advent Calendar 2026,Disney,,0,0
2026-06-15,43303,Mini Jasmine & Rapunzel,Disney,,0,0
2026-06-15,71492,Mateo's Fire Chameleon,DREAMZzz,,0,0
2026-06-15,71499,Mateo's Spray Paint Truck,DREAMZzz,,0,0
2026-06-15,71500,Nightmare Shark Submarine,DREAMZzz,,0,0
2026-06-15,71508,Fox Guardian Mech,DREAMZzz,,0,0
2026-06-15,71512,Crocodile Submarine,DREAMZzz,,0,0
2026-06-15,71513,Nightmare Scorpion Digger,DREAMZzz,,0,0
2026-06-15,71514,Dino Jet,DREAMZzz,,0,0
2026-06-15,71515,Tiger Shark Tank,DREAMZzz,,0,0
2026-06-15,10412,Animal Train,Duplo,,0,0
2026-06-15,10441,Shape Sorter: Puppy House,Duplo,,0,0
2026-06-15,10442,Wild Animal Families: Penguins & Lions,Duplo,,0,0
2026-06-15,10443,First Time at the Airport,Duplo,,0,0
2026-06-15,10444,Creative Garden & Flowers,Duplo,,0,0
2026-06-15,10445,F1 Team Race Cars & Drivers,Duplo,,0,0
2026-06-15,10446,3in1 Wild Animal Families,Duplo,,0,0
2026-06-15,10448,3in1 Animals on Wheels,Duplo,,0,0
2026-06-15,10450,Hopsy's Castle Game,Duplo,,0,0
2026-06-15,10451,3in1 Dinosaurs on Wheels,Duplo,,0,0
2026-06-15,10452,Camping Trip,Duplo,,0,0
2026-06-15,10453,Funfair,Duplo,,0,0
2026-06-15,10455,Anna and Elsa's Frozen Castle Party,Duplo,,0,0
2026-06-15,10456,McQueen's Visit to Doc's Garage,Duplo,,0,0
2026-06-15,10458,Ice Cream Trip with Bluey,Duplo,,0,0
2026-06-15,10459,Bluey's Family House with Memory Game,Duplo,,0,0
2026-06-15,10461,Grandpa Pig's Garden and Greenhouse,Duplo,,0,0
2026-06-15,43033,2026 U.S. Soccer National Team Jersey,Editions,,0,0
2026-06-15,66818,Lionel Messi – Collector's Set,Editions,,0,0
2026-06-15,41843,Family Christmas Tree,Family,,0,0
2026-06-15,77075,Peely & Sparkplug's Camp,Fortnite,,0,0
2026-06-15,77076,Durrr Burger Restaurant,Fortnite,,0,0
2026-06-15,77077,Klombo,Fortnite,,0,0
2026-06-15,77078,Mecha Team Leader,Fortnite,,0,0
2026-06-15,30721,Flower Stand with Roses (Polybag),Friends,,0,0
2026-06-15,30722,Garden Bunny House (Polybag),Friends,,0,0
2026-06-15,42644,Heartlake City Ice Cream Shop,Friends,,0,0
2026-06-15,42648,Panda Sanctuary,Friends,,0,0
2026-06-15,42649,Heartlake City Sweet Shop,Friends,,0,0
2026-06-15,42650,Pet Accessories Shop,Friends,,0,0
2026-06-15,42659,Friendship Road-Trip Travel Car,Friends,,0,0
2026-06-15,42661,Costume Party,Friends,,0,0
2026-06-15,42663,Friendship Camper Van Adventure,Friends,,0,0
2026-06-15,42664,Travel Boat Adventure,Friends,,0,0
2026-06-15,42665,Puppy Playground,Friends,,0,0
2026-06-15,42666,Cat Birthday Party,Friends,,0,0
2026-06-15,42671,Plant Cafe & Flower Shop,Friends,,0,0
2026-06-15,42673,Family Holiday Beach Resort,Friends,,0,0
2026-06-15,42674,Comic Book and Game Shop,Friends,,0,0
2026-06-15,42677,Dog Treats Bakery,Friends,,0,0
2026-06-15,42678,Pet Accessories Van,Friends,,0,0
2026-06-15,42679,Heartlake City Bunny Hotel,Friends,,0,0
2026-06-15,42680,Heartlake City Mini Supermarket,Friends,,0,0
2026-06-15,42685,Heartlake City Fashion Show,Friends,,0,0
2026-06-15,42686,Fun Indoor Playground,Friends,,0,0
2026-06-15,42689,Heartlake City Friends Club House,Friends,,0,0
2026-06-15,42692,Ice Cream & Balloon Stand,Friends,,0,0
2026-06-15,42695,Horse & Baby Foal Trailer,Friends,,0,0
2026-06-15,42698,LEGO Friends Advent Calendar 2026,Friends,,0,0
2026-06-15,42699,Beach House with Seals,Friends,,0,0
2026-06-15,30724,Dumbledore's Office with Harry Potter (Polybag),Harry Potter,,0,0
2026-06-15,76437,The Burrow: Collectors' Edition,Harry Potter,,0,0
2026-06-15,76442,Hogwarts Castle: Charms Class,Harry Potter,,0,0
2026-06-15,76445,Hogwarts Castle: Herbology Class,Harry Potter,,0,0
2026-06-15,76447,Hogwarts Castle: Flying Lessons,Harry Potter,,0,0
2026-06-15,76449,Chomping Monster Book of Monsters,Harry Potter,,0,0
2026-06-15,76450,Book Nook: Hogwarts Express,Harry Potter,,0,0
2026-06-15,76451,Privet Drive: Aunt Marge's Visit,Harry Potter,,0,0
2026-06-15,76452,Quality Quidditch Supplies & Ice Cream Parlour,Harry Potter,,0,0
2026-06-15,76458,Thestral Family,Harry Potter,,0,0
2026-06-15,76467,Luna Lovegood's House,Harry Potter,,0,0
2026-06-15,76470,Enchanted Flying Ford Anglia,Harry Potter,,0,0
2026-06-15,77037,Aloy & Varl vs. Shell-Walker & Sawtooth,Horizon,,0,0
2026-06-15,10309,Succulents,Icons,,0,0
2026-06-15,10315,Tranquil Garden,Icons,,0,0
2026-06-15,10326,Natural History Museum,Icons,,0,0
2026-06-15,10335,The Endurance,Icons,,0,0
2026-06-15,10337,Lamborghini Countach 5000 Quattrovalvole,Icons,,0,0
2026-06-15,10340,Wreath,Icons,,0,0
2026-06-15,10341,NASA: Artemis Space Launch System,Icons,,0,0
2026-06-15,10351,Sherlock Holmes: Book Nook,Icons,,0,0
2026-06-15,10353,Williams Racing FW14B & Nigel Mansell,Icons,,0,0
2026-06-15,10363,Leonardo da Vinci's Flying Machine,Icons,,0,0
2026-06-15,10370,Poinsettia,Icons,,0,0
2026-06-15,40516,Everyone is Awesome,Icons,,0,0
2026-06-15,21323,Grand Piano,Ideas,,0,0
2026-06-15,21333,Vincent van Gogh - The Starry Night,Ideas,,0,0
2026-06-15,21345,Polaroid OneStep SX-70 Camera,Ideas,,0,0
2026-06-15,21351,Tim Burton's The Nightmare Before Christmas,Ideas,,0,0
2026-06-15,21353,The Botanical Garden,Ideas,,0,0
2026-06-15,21355,The Evolution of STEM,Ideas,,0,0
2026-06-15,21356,River Steamboat,Ideas,,0,0
2026-06-15,21360,Willy Wonka & the Chocolate Factory,Ideas,,0,0
2026-06-15,76969,Dinosaur Fossils: Triceratops Skull,Jurassic,,0,0
2026-06-15,76972,Raptor Off-Road Escape,Jurassic,,0,0
2026-06-15,76974,Brick-Built Mosasaurus Boat Mission,Jurassic,,0,0
2026-06-15,71440,Adventures with Interactive LEGO Luigi,Mario,,0,0
2026-06-15,71441,Adventures with Interactive LEGO Peach,Mario,,0,0
2026-06-15,72043,Interactive LEGO Mario & Standard Kart,Mario,,0,0
2026-06-15,72045,Shy Guy & P-Wing,Mario,,0,0
2026-06-15,11198,Spin and Electro Dinosaur Vehicle Chase,Marvel,,0,0
2026-06-15,11200,Spidey and Gobby's Raptor Battle at Tree House HQ,Marvel,,0,0
2026-06-15,11207,Spidey: Underwater Vehicles,Marvel,,0,0
2026-06-15,30725,Spider-Man vs. Anti-Venom Heist (Polybag),Marvel,,0,0
2026-06-15,76294,X-Men: The X-Mansion,Marvel,,0,0
2026-06-15,76307,Iron Man Mech vs. Ultron,Marvel,,0,0
2026-06-15,76308,Spider-Man Mech vs. Anti-Venom,Marvel,,0,0
2026-06-15,76309,Spider-Man vs. Venom Muscle Car,Marvel,,0,0
2026-06-15,76313,MARVEL Logo,Marvel,,0,0
2026-06-15,76315,Iron Man's Laboratory: Hall of Armor,Marvel,,0,0
2026-06-15,76316,Fantastic Four vs. Galactus Construction Figure,Marvel,,0,0
2026-06-15,76317,Peter Parker's Apartment,Marvel,,0,0
2026-06-15,76319,Captain America vs. Thanos,Marvel,,0,0
2026-06-15,76320,Iron Man & War Machine vs. Hammer Drones,Marvel,,0,0
2026-06-15,76321,Spider-Man vs. Doc Ock Subway Train Scene,Marvel,,0,0
2026-06-15,76322,Avengers: Endgame Thor vs. Chitauri,Marvel,,0,0
2026-06-15,76323,Avengers: Endgame Final Battle,Marvel,,0,0
2026-06-15,76324,Spider-Man vs. Oscorp,Marvel,,0,0
2026-06-15,76325,Avengers: Age of Ultron Quinjet,Marvel,,0,0
2026-06-15,76326,Iron Spider-Man Bust,Marvel,,0,0
2026-06-15,76327,Iron Man MK4 Bust,Marvel,,0,0
2026-06-15,76329,Miles Morales' Mask,Marvel,,0,0
2026-06-15,76340,LEGO Marvel Advent Calendar 2026,Marvel,,0,0
2026-06-15,21266,The Nether Lava Battle,Minecraft,,0,0
2026-06-15,21267,The Illager Desert Patrol,Minecraft,,0,0
2026-06-15,21268,The Baby Pig House,Minecraft,,0,0
2026-06-15,21269,The Armadillo Mine Expedition,Minecraft,,0,0
2026-06-15,21270,The Mooshroom House,Minecraft,,0,0
2026-06-15,21272,Woodland Mansion Fighting Ring,Minecraft,,0,0
2026-06-15,21273,The Ghast Balloon Village Attack,Minecraft,,0,0
2026-06-15,21274,The Warden Encounter,Minecraft,,0,0
2026-06-15,21275,The TNT Jungle House,Minecraft,,0,0
2026-06-15,21277,The Pickaxe Mine,Minecraft,,0,0
2026-06-15,21278,The Pillager Outpost and Ravager,Minecraft,,0,0
2026-06-15,21279,The Enderman Tower,Minecraft,,0,0
2026-06-15,21282,The Parrot Houses,Minecraft,,0,0
2026-06-15,21584,Nether & End Portal Journey,Minecraft,,0,0
2026-06-15,30732,Alex's Campfire Conflict (Polybag),Minecraft,,0,0
2026-06-15,40179,Personalised Mosaic Portrait,Miscellaneous,,0,0
2026-06-15,40504,A Minifigure Tribute,Miscellaneous,,0,0
2026-06-15,40743,Christmas Table Decoration,Miscellaneous,,0,0
2026-06-15,40805,Arcade Machine,Miscellaneous,,0,0
2026-06-15,40807,Birthday Numbers,Miscellaneous,,0,0
2026-06-15,40808,Easter Bunny And Chick Egg Hunt,Miscellaneous,,0,0
2026-06-15,40812,Snowman Ornaments,Miscellaneous,,0,0
2026-06-15,40814,Baby Elephant in the Sky,Miscellaneous,,0,0
2026-06-15,40815,Birthday Party Cake,Miscellaneous,,0,0
2026-06-15,40816,Decorative Easter Egg,Miscellaneous,,0,0
2026-06-15,40819,Up-Scaled Racing Driver Minifigure,Miscellaneous,,0,0
2026-06-15,40822,Jack-O'-Lantern Pickup Truck,Miscellaneous,,0,0
2026-06-15,40824,Sweetheart Tweety Bird,Miscellaneous,,0,0
2026-06-15,40955,Maersk Dual-Fuel Container Vessel,Miscellaneous,,0,0
2026-06-15,80118,Fortune Firecracker,Miscellaneous,,0,0
2026-06-15,80119,Galloping Horse Canvas,Miscellaneous,,0,0
2026-06-15,43010,Nike Slam Dunk,Nike,,0,0
2026-06-15,43021,Nike Dunk Trickshot,Nike,,0,0
2026-06-15,30700,Arin vs. Dragonian Battle (Polybag),Ninjago,,0,0
2026-06-15,30723,Cole's Car (Polybag),Ninjago,,0,0
2026-06-15,71780,Kai's Ninja Race Car EVO,Ninjago,,0,0
2026-06-15,71808,Kai's Elemental Fire Mech,Ninjago,,0,0
2026-06-15,71814,Tournament Temple City,Ninjago,,0,0
2026-06-15,71826,Dragon Spinjitzu Battle Pack,Ninjago,,0,0
2026-06-15,71827,Zane's Action Mech,Ninjago,,0,0
2026-06-15,71829,Lloyd's Green Forest Dragon,Ninjago,,0,0
2026-06-15,71830,Kai's Storm Rider Mech,Ninjago,,0,0
2026-06-15,71831,Ninja Spinjitzu Temple,Ninjago,,0,0
2026-06-15,71834,Zane's Ultra Combiner Mech,Ninjago,,0,0
2026-06-15,71836,Arc Dragon of Focus,Ninjago,,0,0
2026-06-15,71838,Kai's Motorcycle Speed Race,Ninjago,,0,0
2026-06-15,71839,Arin's Spinjitzu Battle Mech,Ninjago,,0,0
2026-06-15,71840,Rogue vs. Drix Race Car Duel,Ninjago,,0,0
2026-06-15,71846,The Fire Knight Mech,Ninjago,,0,0
2026-06-15,71847,The Guardian Dragon,Ninjago,,0,0
2026-06-15,71849,Nya vs. Mutation Monster Spinner,Ninjago,,0,0
2026-06-15,71850,Lloyd vs. Earth Monster Spinner,Ninjago,,0,0
2026-06-15,71854,Cole's Mission Mech,Ninjago,,0,0
2026-06-15,71856,Jay's Transforming Car,Ninjago,,0,0
2026-06-15,71857,Ninja Vehicle Tree House Battle,Ninjago,,0,0
2026-06-15,75636,Windmill Village Hut,One Piece,,0,0
2026-06-15,75637,Buggy the Clown's Circus Tent,One Piece,,0,0
2026-06-15,30733,Badnik: Skorp (Polybag),Sonic,,0,0
2026-06-15,77001,Sonic's Campfire Clash,Sonic,,0,0
2026-06-15,77002,Cyclone vs. Metal Sonic,Sonic,,0,0
2026-06-15,77005,Knuckles vs. Dr. Eggman Egg Crusher Mech,Sonic,,0,0
2026-06-15,77006,Team Sonic Command Truck,Sonic,,0,0
2026-06-15,77117,Sonic: Speedster Lightning,Sonic,,0,0
2026-06-15,77118,Silver's Car vs. Knuckles' Monster Truck,Sonic,,0,0
2026-06-15,30734,Mini F1 ACADEMY Car (Polybag),Speed Champions,,0,0
2026-06-15,76924,Mercedes-AMG G 63 & Mercedes-AMG SL 63,Speed Champions,,0,0
2026-06-15,77242,Ferrari SF-24 F1 Race Car,Speed Champions,,0,0
2026-06-15,77243,Oracle Red Bull Racing RB20 F1 Race Car,Speed Champions,,0,0
2026-06-15,77244,Mercedes-AMG PETRONAS W15 F1 Race Car,Speed Champions,,0,0
2026-06-15,77245,Aston Martin Aramco F1 AMR24 Race Car,Speed Champions,,0,0
2026-06-15,77246,Visa Cash App VCARB 01 F1 Race Car,Speed Champions,,0,0
2026-06-15,77248,BWT Alpine F1 Team A524 Race Car,Speed Champions,,0,0
2026-06-15,77249,Williams Racing FW46 F1 Race Car,Speed Champions,,0,0
2026-06-15,77250,MoneyGram Haas F1 Team VF-24 Race Car,Speed Champions,,0,0
2026-06-15,77251,McLaren MCL38 F1 Team Race Car,Speed Champions,,0,0
2026-06-15,77259,Audi Revolut F1 Team R26 Race Car,Speed Champions,,0,0
2026-06-15,30727,TIE Advanced (Polybag),Star Wars,,0,0
2026-06-15,30728,The Razor Crest (Polybag),Star Wars,,0,0
2026-06-15,75192,Millennium Falcon,Star Wars,,0,0
2026-06-15,75328,The Mandalorian Helmet,Star Wars,,0,0
2026-06-15,75367,Venator-class Republic Attack Cruiser,Star Wars,,0,0
2026-06-15,75372,Clone Trooper & Battle Droid Battle Pack,Star Wars,,0,0
2026-06-15,75382,TIE Interceptor,Star Wars,,0,0
2026-06-15,75389,The Dark Falcon,Star Wars,,0,0
2026-06-15,75397,Jabba's Sail Barge,Star Wars,,0,0
2026-06-15,75399,Rebel U-wing Starfighter,Star Wars,,0,0
2026-06-15,75400,Plo Koon's Jedi Starfighter Microfighter,Star Wars,,0,0
2026-06-15,75406,Kylo Ren's Command Shuttle,Star Wars,,0,0
2026-06-15,75410,Mando and Grogu's N-1 Starfighter,Star Wars,,0,0
2026-06-15,75412,Death Trooper & Night Trooper Battle Pack,Star Wars,,0,0
2026-06-15,75413,Republic Juggernaut,Star Wars,,0,0
2026-06-15,75414,The Force Burner Snowspeeder,Star Wars,,0,0
2026-06-15,75415,Kylo Ren Helmet,Star Wars,,0,0
2026-06-15,75428,Battle Droid with STAP,Star Wars,,0,0
2026-06-15,75429,AT-AT Driver Helmet,Star Wars,,0,0
2026-06-15,75430,Wicket the Ewok,Star Wars,,0,0
2026-06-15,75435,Battle of Felucia Separatist MTT,Star Wars,,0,0
2026-06-15,75456,LEGO Star Wars Advent Calendar 2026,Star Wars,,0,0
2026-06-15,30735,Hot Rod Car (Polybag),Technic,,0,0
2026-06-15,30736,White Seaplane (Polybag),Technic,,0,0
2026-06-15,42154,2022 Ford GT,Technic,,0,0
2026-06-15,42170,Kawasaki Ninja H2R,Technic,,0,0
2026-06-15,42171,Mercedes-AMG F1 W14 E Performance,Technic,,0,0
2026-06-15,42173,Koenigsegg Jesko Absolut Grey Hypercar,Technic,,0,0
2026-06-15,42175,Volvo FMX Truck & EC230 Electric Excavator,Technic,,0,0
2026-06-15,42176,Porsche GT4 e-Performance Race Car,Technic,,0,0
2026-06-15,42177,Mercedes-Benz G 500 PROFESSIONAL Line,Technic,,0,0
2026-06-15,42179,Planet Earth and Moon in Orbit,Technic,,0,0
2026-06-15,42197,Backhoe Loader,Technic,,0,0
2026-06-15,42198,Bush Plane,Technic,,0,0
2026-06-15,42199,Monster Jam DIGatron Pull-Back,Technic,,0,0
2026-06-15,42200,Monster Jam ThunderROARus Pull-Back,Technic,,0,0
2026-06-15,42201,Deep-Sea Research Submarine,Technic,,0,0
2026-06-15,42202,Ducati Panigale V4 S Motorcycle,Technic,,0,0
2026-06-15,42203,Tipping Dump Truck,Technic,,0,0
2026-06-15,42204,Fast & Furious Toyota Supra MK4,Technic,,0,0
2026-06-15,42205,Chevrolet Corvette Stingray (Yellow),Technic,,0,0
2026-06-15,42208,Aston Martin Valkyrie,Technic,,0,0
2026-06-15,42209,Volvo L120 Electric Wheel Loader,Technic,,0,0
2026-06-15,42215,Volvo EC500 Hybrid,Technic,,0,0
2026-06-15,42217,Chevrolet Corvette Stingray (Blue),Technic,,0,0
2026-06-15,42233,Mighty Machines Series 1,Technic,,0,0
2026-06-15,76784,Black Dahlia Flower,Wednesday,,0,0
2026-06-15,76786,Morticia's Cottage,Wednesday,,0,0
2026-06-15,75684,Welcome to Emerald City,Wicked,,0,0
2026-06-15,75685,Emerald City Wall Art,Wicked,,0,0
2026-06-16,30731,Tom Nook and Flying Present (Polybag),Animal Crossing,,0,0
2026-06-16,77053,Stargazing with Celeste,Animal Crossing,,0,0
2026-06-16,77056,Blathers's Museum Collection,Animal Crossing,,0,0
2026-06-16,77058,Goldie's Cosy House,Animal Crossing,,0,0
2026-06-16,21060,Himeji Castle,Architecture,,0,0
2026-06-16,31216,Keith Haring - Dancing Figures,Art,,0,0
2026-06-16,11201,Playground Fun with Bluey and Chloe,Bluey,,0,0
2026-06-16,11202,Bluey's Beach & Family Car Trip,Bluey,,0,0
2026-06-16,30687,Bluey Tea Party (Polybag),Bluey,,0,0
2026-06-16,10345,Flower Arrangement,Botanical Collection,,0,0
2026-06-16,30701,Field Flowers,Botanical Collection,,0,0
2026-06-16,40725,Cherry Blossoms,Botanical Collection,,0,0
2026-06-16,40674,Stitch,BrickHeadz,,0,0
2026-06-16,40749,"Joy, Sadness & Anxiety",BrickHeadz,,0,0
2026-06-16,40752,"Carl, Russell, & Kevin",BrickHeadz,,0,0
2026-06-16,40791,The Goblet of Fire Figures,BrickHeadz,,0,0
2026-06-16,40795,Luke Skywalker (Rebel Pilot),BrickHeadz,,0,0
2026-06-16,40797,Eeyore,BrickHeadz,,0,0
2026-06-16,40801,"Mike, Dustin, Lucas and Will",BrickHeadz,,0,0
2026-06-16,40802,Luna Lovegood & Thestral Figures,BrickHeadz,,0,0
2026-06-16,40803,Optimus Prime Robot & Vehicle,BrickHeadz,,0,0
2026-06-16,40804,Bumblebee Robot & Vehicle,BrickHeadz,,0,0
2026-06-16,40879,"Eleven, Max, Demogorgon and Holly Figures",BrickHeadz,,0,0
2026-06-16,40881,Supply Llama & Fishstick Figures,BrickHeadz,,0,0
2026-06-16,40884,Drift & Raven Figures,BrickHeadz,,0,0
2026-06-16,40924,Megatron Robot & Vehicle,BrickHeadz,,0,0
2026-06-16,30719,Go-Kart Racer (Polybag),City,,0,0
2026-06-16,60312,Police Car,City,,0,0
2026-06-16,60316,Police Station,City,,0,0
2026-06-16,60337,Express Passenger Train,City,,0,0
2026-06-16,60400,Go-Karts and Race Drivers,City,,0,0
2026-06-16,60402,Monster Truck,City,,0,0
2026-06-16,60404,Burger Van,City,,0,0
2026-06-16,60407,Red Double-Decker Sightseeing Bus,City,,0,0
2026-06-16,60419,Police Prison Island,City,,0,0
2026-06-16,60423,Downtown Streetcat & Station,City,,0,0
2026-06-16,60430,Interstellar Spaceship,City,,0,0
2026-06-16,60445,F1 Truck with RB20 & AMR24 F1 Cars,City,,0,0
2026-06-16,60447,Off-Road Mountain Truck,City,,0,0
2026-06-16,60457,Custom Police Garage,City,,0,0
2026-06-16,60463,Fire Engine,City,,0,0
2026-06-16,60464,F1 Williams Racing & Haas F1 Race Cars,City,,0,0
2026-06-16,60465,Air Ambulance,City,,0,0
2026-06-16,60466,Bulldozer,City,,0,0
2026-06-16,60469,Central Train Station,City,,0,0
2026-06-16,60470,Explorer Train,City,,0,0
2026-06-16,60471,Arctic Truck,City,,0,0
2026-06-16,60482,Fire Engine Rides,City,,0,0
2026-06-16,60484,Gaming Car Rides,City,,0,0
2026-06-16,60489,Jet vs. Car,City,,0,0
2026-06-16,60490,Snowplough,City,,0,0
2026-06-16,60491,Motorcycle Transporter,City,,0,0
2026-06-16,60493,F1 Display Truck with Audi F1 Race Car,City,,0,0
2026-06-16,60495,Recycling Truck,City,,0,0
2026-06-16,60510,LEGO City Advent Calendar 2026,City,,0,0
2026-06-16,11040,Magical Transparent Box,Classic,,0,0
2026-06-16,30692,Christmas Chimney Fun with Santa (Polybag),Creator,,0,0
2026-06-16,30714,Orange Cat (Polybag),Creator,,0,0
2026-06-16,30715,Cute Animal Birthday Party (Polybag),Creator,,0,0
2026-06-16,30716,Cute Easter Bunny (Polybag),Creator,,0,0
2026-06-16,31136,Exotic Parrot,Creator,,0,0
2026-06-16,31148,Retro Roller Skate,Creator,,0,0
2026-06-16,31169,Typewriter with Flowers,Creator,,0,0
2026-06-16,31171,Majestic Rhino,Creator,,0,0
2026-06-16,31172,Record Player with Flowers,Creator,,0,0
2026-06-16,31174,Retro Telephone,Creator,,0,0
2026-06-16,31175,Unicorn Castle,Creator,,0,0
2026-06-16,31378,Space Exploration Telescope,Creator,,0,0
2026-06-16,40468,Yellow Taxi,Creator,,0,0
2026-06-16,30726,Batman: Bruce Wayne and the Batsuit (Polybag),DC,,0,0
2026-06-16,76303,Batman Tumbler vs. Two-Face & The Joker,DC,,0,0
2026-06-16,76304,Batman Forever Batmobile,DC,,0,0
2026-06-16,30720,Ariel and Flounder's Birthday Music Fun (Polybag),Disney,,0,0
2026-06-16,40708,Mini Disney Ariel's Castle,Disney,,0,0
2026-06-16,43217,'Up' House,Disney,,0,0
2026-06-16,43258,Kakamora Barge,Disney,,0,0
2026-06-16,43260,Moana's Island Fun,Disney,,0,0
2026-06-16,43262,Maleficent's and Cruella De Vil's Dresses,Disney,,0,0
2026-06-16,43263,Beauty and the Beast Castle,Disney,,0,0
2026-06-16,43264,Toy Story Celebration Train & RC Car,Disney,,0,0
2026-06-16,43265,Arendelle Frozen Castle,Disney,,0,0
2026-06-16,43267,Princess Castle & Royal Pets,Disney,,0,0
2026-06-16,43268,Lilo and Stitch Beach House,Disney,,0,0
2026-06-16,43270,Moana Adventure Canoe,Disney,,0,0
2026-06-16,43272,Heihei,Disney,,0,0
2026-06-16,43277,Cruella De Vil's Car,Disney,,0,0
2026-06-16,43278,Mini Arendelle Castle & Elsa's Ice Palace,Disney,,0,0
2026-06-16,43284,Mini Anna & Elsa,Disney,,0,0
2026-06-16,43285,Ariel's Magical Mini Palace,Disney,,0,0
2026-06-16,43291,Mini Belle & Tiana with Castle,Disney,,0,0
2026-06-16,43298,LEGO Disney Advent Calendar 2026,Disney,,0,0
2026-06-16,43303,Mini Jasmine & Rapunzel,Disney,,0,0
2026-06-16,71492,Mateo's Fire Chameleon,DREAMZzz,,0,0
2026-06-16,71499,Mateo's Spray Paint Truck,DREAMZzz,,0,0
2026-06-16,71500,Nightmare Shark Submarine,DREAMZzz,,0,0
2026-06-16,71508,Fox Guardian Mech,DREAMZzz,,0,0
2026-06-16,71512,Crocodile Submarine,DREAMZzz,,0,0
2026-06-16,71513,Nightmare Scorpion Digger,DREAMZzz,,0,0
2026-06-16,71514,Dino Jet,DREAMZzz,,0,0
2026-06-16,71515,Tiger Shark Tank,DREAMZzz,,0,0
2026-06-16,10412,Animal Train,Duplo,,0,0
2026-06-16,10441,Shape Sorter: Puppy House,Duplo,,0,0
2026-06-16,10442,Wild Animal Families: Penguins & Lions,Duplo,,0,0
2026-06-16,10443,First Time at the Airport,Duplo,,0,0
2026-06-16,10444,Creative Garden & Flowers,Duplo,,0,0
2026-06-16,10445,F1 Team Race Cars & Drivers,Duplo,,0,0
2026-06-16,10446,3in1 Wild Animal Families,Duplo,,0,0
2026-06-16,10448,3in1 Animals on Wheels,Duplo,,0,0
2026-06-16,10450,Hopsy's Castle Game,Duplo,,0,0
2026-06-16,10451,3in1 Dinosaurs on Wheels,Duplo,,0,0
2026-06-16,10452,Camping Trip,Duplo,,0,0
2026-06-16,10453,Funfair,Duplo,,0,0
2026-06-16,10455,Anna and Elsa's Frozen Castle Party,Duplo,,0,0
2026-06-16,10456,McQueen's Visit to Doc's Garage,Duplo,,0,0
2026-06-16,10458,Ice Cream Trip with Bluey,Duplo,,0,0
2026-06-16,10459,Bluey's Family House with Memory Game,Duplo,,0,0
2026-06-16,10461,Grandpa Pig's Garden and Greenhouse,Duplo,,0,0
2026-06-16,43033,2026 U.S. Soccer National Team Jersey,Editions,,0,0
2026-06-16,66818,Lionel Messi – Collector's Set,Editions,,0,0
2026-06-16,41843,Family Christmas Tree,Family,,0,0
2026-06-16,77075,Peely & Sparkplug's Camp,Fortnite,,0,0
2026-06-16,77076,Durrr Burger Restaurant,Fortnite,,0,0
2026-06-16,77077,Klombo,Fortnite,,0,0
2026-06-16,77078,Mecha Team Leader,Fortnite,,0,0
2026-06-16,30721,Flower Stand with Roses (Polybag),Friends,,0,0
2026-06-16,30722,Garden Bunny House (Polybag),Friends,,0,0
2026-06-16,42644,Heartlake City Ice Cream Shop,Friends,,0,0
2026-06-16,42648,Panda Sanctuary,Friends,,0,0
2026-06-16,42649,Heartlake City Sweet Shop,Friends,,0,0
2026-06-16,42650,Pet Accessories Shop,Friends,,0,0
2026-06-16,42659,Friendship Road-Trip Travel Car,Friends,,0,0
2026-06-16,42661,Costume Party,Friends,,0,0
2026-06-16,42663,Friendship Camper Van Adventure,Friends,,0,0
2026-06-16,42664,Travel Boat Adventure,Friends,,0,0
2026-06-16,42665,Puppy Playground,Friends,,0,0
2026-06-16,42666,Cat Birthday Party,Friends,,0,0
2026-06-16,42671,Plant Cafe & Flower Shop,Friends,,0,0
2026-06-16,42673,Family Holiday Beach Resort,Friends,,0,0
2026-06-16,42674,Comic Book and Game Shop,Friends,,0,0
2026-06-16,42677,Dog Treats Bakery,Friends,,0,0
2026-06-16,42678,Pet Accessories Van,Friends,,0,0
2026-06-16,42679,Heartlake City Bunny Hotel,Friends,,0,0
2026-06-16,42680,Heartlake City Mini Supermarket,Friends,,0,0
2026-06-16,42685,Heartlake City Fashion Show,Friends,,0,0
2026-06-16,42686,Fun Indoor Playground,Friends,,0,0
2026-06-16,42689,Heartlake City Friends Club House,Friends,,0,0
2026-06-16,42692,Ice Cream & Balloon Stand,Friends,,0,0
2026-06-16,42695,Horse & Baby Foal Trailer,Friends,,0,0
2026-06-16,42698,LEGO Friends Advent Calendar 2026,Friends,,0,0
2026-06-16,42699,Beach House with Seals,Friends,,0,0
2026-06-16,30724,Dumbledore's Office with Harry Potter (Polybag),Harry Potter,,0,0
2026-06-16,76437,The Burrow: Collectors' Edition,Harry Potter,,0,0
2026-06-16,76442,Hogwarts Castle: Charms Class,Harry Potter,,0,0
2026-06-16,76445,Hogwarts Castle: Herbology Class,Harry Potter,,0,0
2026-06-16,76447,Hogwarts Castle: Flying Lessons,Harry Potter,,0,0
2026-06-16,76449,Chomping Monster Book of Monsters,Harry Potter,,0,0
2026-06-16,76450,Book Nook: Hogwarts Express,Harry Potter,,0,0
2026-06-16,76451,Privet Drive: Aunt Marge's Visit,Harry Potter,,0,0
2026-06-16,76452,Quality Quidditch Supplies & Ice Cream Parlour,Harry Potter,,0,0
2026-06-16,76458,Thestral Family,Harry Potter,,0,0
2026-06-16,76467,Luna Lovegood's House,Harry Potter,,0,0
2026-06-16,76470,Enchanted Flying Ford Anglia,Harry Potter,,0,0
2026-06-16,77037,Aloy & Varl vs. Shell-Walker & Sawtooth,Horizon,,0,0
2026-06-16,10309,Succulents,Icons,,0,0
2026-06-16,10315,Tranquil Garden,Icons,,0,0
2026-06-16,10326,Natural History Museum,Icons,,0,0
2026-06-16,10335,The Endurance,Icons,,0,0
2026-06-16,10337,Lamborghini Countach 5000 Quattrovalvole,Icons,,0,0
2026-06-16,10340,Wreath,Icons,,0,0
2026-06-16,10341,NASA: Artemis Space Launch System,Icons,,0,0
2026-06-16,10351,Sherlock Holmes: Book Nook,Icons,,0,0
2026-06-16,10353,Williams Racing FW14B & Nigel Mansell,Icons,,0,0
2026-06-16,10363,Leonardo da Vinci's Flying Machine,Icons,,0,0
2026-06-16,10370,Poinsettia,Icons,,0,0
2026-06-16,40516,Everyone is Awesome,Icons,,0,0
2026-06-16,21323,Grand Piano,Ideas,,0,0
2026-06-16,21333,Vincent van Gogh - The Starry Night,Ideas,,0,0
2026-06-16,21345,Polaroid OneStep SX-70 Camera,Ideas,,0,0
2026-06-16,21351,Tim Burton's The Nightmare Before Christmas,Ideas,,0,0
2026-06-16,21353,The Botanical Garden,Ideas,,0,0
2026-06-16,21355,The Evolution of STEM,Ideas,,0,0
2026-06-16,21356,River Steamboat,Ideas,,0,0
2026-06-16,21360,Willy Wonka & the Chocolate Factory,Ideas,,0,0
2026-06-16,76969,Dinosaur Fossils: Triceratops Skull,Jurassic,,0,0
2026-06-16,76972,Raptor Off-Road Escape,Jurassic,,0,0
2026-06-16,76974,Brick-Built Mosasaurus Boat Mission,Jurassic,,0,0
2026-06-16,71440,Adventures with Interactive LEGO Luigi,Mario,,0,0
2026-06-16,71441,Adventures with Interactive LEGO Peach,Mario,,0,0
2026-06-16,72043,Interactive LEGO Mario & Standard Kart,Mario,,0,0
2026-06-16,72045,Shy Guy & P-Wing,Mario,,0,0
2026-06-16,11198,Spin and Electro Dinosaur Vehicle Chase,Marvel,,0,0
2026-06-16,11200,Spidey and Gobby's Raptor Battle at Tree House HQ,Marvel,,0,0
2026-06-16,11207,Spidey: Underwater Vehicles,Marvel,,0,0
2026-06-16,30725,Spider-Man vs. Anti-Venom Heist (Polybag),Marvel,,0,0
2026-06-16,76294,X-Men: The X-Mansion,Marvel,,0,0
2026-06-16,76307,Iron Man Mech vs. Ultron,Marvel,,0,0
2026-06-16,76308,Spider-Man Mech vs. Anti-Venom,Marvel,,0,0
2026-06-16,76309,Spider-Man vs. Venom Muscle Car,Marvel,,0,0
2026-06-16,76313,MARVEL Logo,Marvel,,0,0
2026-06-16,76315,Iron Man's Laboratory: Hall of Armor,Marvel,,0,0
2026-06-16,76316,Fantastic Four vs. Galactus Construction Figure,Marvel,,0,0
2026-06-16,76317,Peter Parker's Apartment,Marvel,,0,0
2026-06-16,76319,Captain America vs. Thanos,Marvel,,0,0
2026-06-16,76320,Iron Man & War Machine vs. Hammer Drones,Marvel,,0,0
2026-06-16,76321,Spider-Man vs. Doc Ock Subway Train Scene,Marvel,,0,0
2026-06-16,76322,Avengers: Endgame Thor vs. Chitauri,Marvel,,0,0
2026-06-16,76323,Avengers: Endgame Final Battle,Marvel,,0,0
2026-06-16,76324,Spider-Man vs. Oscorp,Marvel,,0,0
2026-06-16,76325,Avengers: Age of Ultron Quinjet,Marvel,,0,0
2026-06-16,76326,Iron Spider-Man Bust,Marvel,,0,0
2026-06-16,76327,Iron Man MK4 Bust,Marvel,,0,0
2026-06-16,76329,Miles Morales' Mask,Marvel,,0,0
2026-06-16,76340,LEGO Marvel Advent Calendar 2026,Marvel,,0,0
2026-06-16,21266,The Nether Lava Battle,Minecraft,,0,0
2026-06-16,21267,The Illager Desert Patrol,Minecraft,,0,0
2026-06-16,21268,The Baby Pig House,Minecraft,,0,0
2026-06-16,21269,The Armadillo Mine Expedition,Minecraft,,0,0
2026-06-16,21270,The Mooshroom House,Minecraft,,0,0
2026-06-16,21272,Woodland Mansion Fighting Ring,Minecraft,,0,0
2026-06-16,21273,The Ghast Balloon Village Attack,Minecraft,,0,0
2026-06-16,21274,The Warden Encounter,Minecraft,,0,0
2026-06-16,21275,The TNT Jungle House,Minecraft,,0,0
2026-06-16,21277,The Pickaxe Mine,Minecraft,,0,0
2026-06-16,21278,The Pillager Outpost and Ravager,Minecraft,,0,0
2026-06-16,21279,The Enderman Tower,Minecraft,,0,0
2026-06-16,21282,The Parrot Houses,Minecraft,,0,0
2026-06-16,21584,Nether & End Portal Journey,Minecraft,,0,0
2026-06-16,30732,Alex's Campfire Conflict (Polybag),Minecraft,,0,0
2026-06-16,40179,Personalised Mosaic Portrait,Miscellaneous,,0,0
2026-06-16,40504,A Minifigure Tribute,Miscellaneous,,0,0
2026-06-16,40743,Christmas Table Decoration,Miscellaneous,,0,0
2026-06-16,40805,Arcade Machine,Miscellaneous,,0,0
2026-06-16,40807,Birthday Numbers,Miscellaneous,,0,0
2026-06-16,40808,Easter Bunny And Chick Egg Hunt,Miscellaneous,,0,0
2026-06-16,40812,Snowman Ornaments,Miscellaneous,,0,0
2026-06-16,40814,Baby Elephant in the Sky,Miscellaneous,,0,0
2026-06-16,40815,Birthday Party Cake,Miscellaneous,,0,0
2026-06-16,40816,Decorative Easter Egg,Miscellaneous,,0,0
2026-06-16,40819,Up-Scaled Racing Driver Minifigure,Miscellaneous,,0,0
2026-06-16,40822,Jack-O'-Lantern Pickup Truck,Miscellaneous,,0,0
2026-06-16,40824,Sweetheart Tweety Bird,Miscellaneous,,0,0
2026-06-16,40955,Maersk Dual-Fuel Container Vessel,Miscellaneous,,0,0
2026-06-16,80118,Fortune Firecracker,Miscellaneous,,0,0
2026-06-16,80119,Galloping Horse Canvas,Miscellaneous,,0,0
2026-06-16,43010,Nike Slam Dunk,Nike,,0,0
2026-06-16,43021,Nike Dunk Trickshot,Nike,,0,0
2026-06-16,30700,Arin vs. Dragonian Battle (Polybag),Ninjago,,0,0
2026-06-16,30723,Cole's Car (Polybag),Ninjago,,0,0
2026-06-16,71780,Kai's Ninja Race Car EVO,Ninjago,,0,0
2026-06-16,71808,Kai's Elemental Fire Mech,Ninjago,,0,0
2026-06-16,71814,Tournament Temple City,Ninjago,,0,0
2026-06-16,71826,Dragon Spinjitzu Battle Pack,Ninjago,,0,0
2026-06-16,71827,Zane's Action Mech,Ninjago,,0,0
2026-06-16,71829,Lloyd's Green Forest Dragon,Ninjago,,0,0
2026-06-16,71830,Kai's Storm Rider Mech,Ninjago,,0,0
2026-06-16,71831,Ninja Spinjitzu Temple,Ninjago,,0,0
2026-06-16,71834,Zane's Ultra Combiner Mech,Ninjago,,0,0
2026-06-16,71836,Arc Dragon of Focus,Ninjago,,0,0
2026-06-16,71838,Kai's Motorcycle Speed Race,Ninjago,,0,0
2026-06-16,71839,Arin's Spinjitzu Battle Mech,Ninjago,,0,0
2026-06-16,71840,Rogue vs. Drix Race Car Duel,Ninjago,,0,0
2026-06-16,71846,The Fire Knight Mech,Ninjago,,0,0
2026-06-16,71847,The Guardian Dragon,Ninjago,,0,0
2026-06-16,71849,Nya vs. Mutation Monster Spinner,Ninjago,,0,0
2026-06-16,71850,Lloyd vs. Earth Monster Spinner,Ninjago,,0,0
2026-06-16,71854,Cole's Mission Mech,Ninjago,,0,0
2026-06-16,71856,Jay's Transforming Car,Ninjago,,0,0
2026-06-16,71857,Ninja Vehicle Tree House Battle,Ninjago,,0,0
2026-06-16,75636,Windmill Village Hut,One Piece,,0,0
2026-06-16,75637,Buggy the Clown's Circus Tent,One Piece,,0,0
2026-06-16,30733,Badnik: Skorp (Polybag),Sonic,,0,0
2026-06-16,77001,Sonic's Campfire Clash,Sonic,,0,0
2026-06-16,77002,Cyclone vs. Metal Sonic,Sonic,,0,0
2026-06-16,77005,Knuckles vs. Dr. Eggman Egg Crusher Mech,Sonic,,0,0
2026-06-16,77006,Team Sonic Command Truck,Sonic,,0,0
2026-06-16,77117,Sonic: Speedster Lightning,Sonic,,0,0
2026-06-16,77118,Silver's Car vs. Knuckles' Monster Truck,Sonic,,0,0
2026-06-16,30734,Mini F1 ACADEMY Car (Polybag),Speed Champions,,0,0
2026-06-16,76924,Mercedes-AMG G 63 & Mercedes-AMG SL 63,Speed Champions,,0,0
2026-06-16,77242,Ferrari SF-24 F1 Race Car,Speed Champions,,0,0
2026-06-16,77243,Oracle Red Bull Racing RB20 F1 Race Car,Speed Champions,,0,0
2026-06-16,77244,Mercedes-AMG PETRONAS W15 F1 Race Car,Speed Champions,,0,0
2026-06-16,77245,Aston Martin Aramco F1 AMR24 Race Car,Speed Champions,,0,0
2026-06-16,77246,Visa Cash App VCARB 01 F1 Race Car,Speed Champions,,0,0
2026-06-16,77248,BWT Alpine F1 Team A524 Race Car,Speed Champions,,0,0
2026-06-16,77249,Williams Racing FW46 F1 Race Car,Speed Champions,,0,0
2026-06-16,77250,MoneyGram Haas F1 Team VF-24 Race Car,Speed Champions,,0,0
2026-06-16,77251,McLaren MCL38 F1 Team Race Car,Speed Champions,,0,0
2026-06-16,77259,Audi Revolut F1 Team R26 Race Car,Speed Champions,,0,0
2026-06-16,30727,TIE Advanced (Polybag),Star Wars,,0,0
2026-06-16,30728,The Razor Crest (Polybag),Star Wars,,0,0
2026-06-16,75192,Millennium Falcon,Star Wars,,0,0
2026-06-16,75328,The Mandalorian Helmet,Star Wars,,0,0
2026-06-16,75367,Venator-class Republic Attack Cruiser,Star Wars,,0,0
2026-06-16,75372,Clone Trooper & Battle Droid Battle Pack,Star Wars,,0,0
2026-06-16,75382,TIE Interceptor,Star Wars,,0,0
2026-06-16,75389,The Dark Falcon,Star Wars,,0,0
2026-06-16,75397,Jabba's Sail Barge,Star Wars,,0,0
2026-06-16,75399,Rebel U-wing Starfighter,Star Wars,,0,0
2026-06-16,75400,Plo Koon's Jedi Starfighter Microfighter,Star Wars,,0,0
2026-06-16,75406,Kylo Ren's Command Shuttle,Star Wars,,0,0
2026-06-16,75410,Mando and Grogu's N-1 Starfighter,Star Wars,,0,0
2026-06-16,75412,Death Trooper & Night Trooper Battle Pack,Star Wars,,0,0
2026-06-16,75413,Republic Juggernaut,Star Wars,,0,0
2026-06-16,75414,The Force Burner Snowspeeder,Star Wars,,0,0
2026-06-16,75415,Kylo Ren Helmet,Star Wars,,0,0
2026-06-16,75428,Battle Droid with STAP,Star Wars,,0,0
2026-06-16,75429,AT-AT Driver Helmet,Star Wars,,0,0
2026-06-16,75430,Wicket the Ewok,Star Wars,,0,0
2026-06-16,75435,Battle of Felucia Separatist MTT,Star Wars,,0,0
2026-06-16,75456,LEGO Star Wars Advent Calendar 2026,Star Wars,,0,0
2026-06-16,30735,Hot Rod Car (Polybag),Technic,,0,0
2026-06-16,30736,White Seaplane (Polybag),Technic,,0,0
2026-06-16,42154,2022 Ford GT,Technic,,0,0
2026-06-16,42170,Kawasaki Ninja H2R,Technic,,0,0
2026-06-16,42171,Mercedes-AMG F1 W14 E Performance,Technic,,0,0
2026-06-16,42173,Koenigsegg Jesko Absolut Grey Hypercar,Technic,,0,0
2026-06-16,42175,Volvo FMX Truck & EC230 Electric Excavator,Technic,,0,0
2026-06-16,42176,Porsche GT4 e-Performance Race Car,Technic,,0,0
2026-06-16,42177,Mercedes-Benz G 500 PROFESSIONAL Line,Technic,,0,0
2026-06-16,42179,Planet Earth and Moon in Orbit,Technic,,0,0
2026-06-16,42197,Backhoe Loader,Technic,,0,0
2026-06-16,42198,Bush Plane,Technic,,0,0
2026-06-16,42199,Monster Jam DIGatron Pull-Back,Technic,,0,0
2026-06-16,42200,Monster Jam ThunderROARus Pull-Back,Technic,,0,0
2026-06-16,42201,Deep-Sea Research Submarine,Technic,,0,0
2026-06-16,42202,Ducati Panigale V4 S Motorcycle,Technic,,0,0
2026-06-16,42203,Tipping Dump Truck,Technic,,0,0
2026-06-16,42204,Fast & Furious Toyota Supra MK4,Technic,,0,0
2026-06-16,42205,Chevrolet Corvette Stingray (Yellow),Technic,,0,0
2026-06-16,42208,Aston Martin Valkyrie,Technic,,0,0
2026-06-16,42209,Volvo L120 Electric Wheel Loader,Technic,,0,0
2026-06-16,42215,Volvo EC500 Hybrid,Technic,,0,0
2026-06-16,42217,Chevrolet Corvette Stingray (Blue),Technic,,0,0
2026-06-16,42233,Mighty Machines Series 1,Technic,,0,0
2026-06-16,76784,Black Dahlia Flower,Wednesday,,0,0
2026-06-16,76786,Morticia's Cottage,Wednesday,,0,0
2026-06-16,75684,Welcome to Emerald City,Wicked,,0,0
2026-06-16,75685,Emerald City Wall Art,Wicked,,0,0
